-- phpMyAdmin SQL Dump
-- version 3.2.0.1
-- http://www.phpmyadmin.net
--
-- Host: localhost
-- Generation Time: Jan 15, 2014 at 11:42 PM
-- Server version: 5.1.37
-- PHP Version: 5.3.0

SET SQL_MODE="NO_AUTO_VALUE_ON_ZERO";


/*!40101 SET @OLD_CHARACTER_SET_CLIENT=@@CHARACTER_SET_CLIENT */;
/*!40101 SET @OLD_CHARACTER_SET_RESULTS=@@CHARACTER_SET_RESULTS */;
/*!40101 SET @OLD_COLLATION_CONNECTION=@@COLLATION_CONNECTION */;
/*!40101 SET NAMES utf8 */;

--
-- Database: `daftar_permohonan_2012`
--

-- --------------------------------------------------------

--
-- Table structure for table `daftar`
--

CREATE TABLE IF NOT EXISTS `daftar` (
  `no` int(10) NOT NULL AUTO_INCREMENT,
  `nama_perusahaan` varchar(50) NOT NULL,
  `jenis_contoh` varchar(50) NOT NULL,
  `alamat` varchar(50) NOT NULL,
  `tgl_masuk` date NOT NULL,
  `tgl_selesai` date NOT NULL,
  `std_pelayanan` varchar(50) NOT NULL,
  `id_database` enum('1','2','3','4','5','6','7','8') NOT NULL,
  PRIMARY KEY (`no`)
) ENGINE=MyISAM  DEFAULT CHARSET=latin1 AUTO_INCREMENT=673 ;

--
-- Dumping data for table `daftar`
--

INSERT INTO `daftar` (`no`, `nama_perusahaan`, `jenis_contoh`, `alamat`, `tgl_masuk`, `tgl_selesai`, `std_pelayanan`, `id_database`) VALUES
(1, 'PT. Madjin CRF', 'Kwalitas Udara Ambien', 'Indrapura', '2012-12-01', '2012-12-19', '5 bulan', '1'),
(2, 'PT. Wipohnox Raya', 'Kwalitas Udara Ambien', 'Kisaran', '2012-12-01', '2012-12-19', '5 hari', '1'),
(3, 'Kirana Sapta', 'Kwalitas Udara Ambien', 'Padang Sidempuan', '2012-12-01', '2012-01-19', '5 hari', '1'),
(672, '', '', '', '0000-00-00', '0000-00-00', '', ''),
(6, 'PT. Dharmasindo', 'Kwalitas Udara Ambien', 'Tebing Tinggi', '2012-12-01', '2012-01-19', '5 hari', '1'),
(7, 'PT. Kapuas Besar', 'Kwalitas Udara Ambien', 'Rantau Prapat', '2012-12-01', '2012-01-19', '5 hari', '1'),
(8, 'PT. Nusira', 'Kwalitas Udara Ambien', 'Medan', '2012-12-01', '2012-01-19', '5 hari', '1'),
(9, 'PT. Growth Sumatra Industry Ltd ( pabrik )', 'Kwalitaas Udara Emisi', 'Jln. Kol.Yosudarso Medan', '2012-01-02', '2012-08-02', '5 hari', '1'),
(10, 'PT. Growth Sumatra Industry Ltd ( pabrik )', 'Kwalitas Udara Emisi', 'Jln. Kol.Yosudarso Medan', '2012-01-02', '2012-08-02', '5 hari', '1'),
(11, 'PT. Growth Sumatra Industri Ltd (pabrik)', 'Kwalitas Udara Emisi', 'Jln. Kol. Yos Sudarso Medan', '2012-02-01', '2012-02-08', '5 hari', '1'),
(12, 'PT. Growth Sumatra Industri LTD (pabrik)', 'Kwalitas Udara Emisi', 'Jln. Kol. Yos Sudarso Medan', '2012-02-01', '2012-02-08', '5 hari', '1'),
(13, 'PT. Growth Sumatra Industri Ltd (pabrik)', 'Kwalitas Udara Ambien', 'Jln. Kol. Yos Sudarso Medan', '2012-02-01', '2012-02-08', '5 hari', '1'),
(14, 'PT. Growth Sumatra Industri Ltd (pabrik)', 'Kwalitas Udara Kebisingan', 'Jln. Kol. Yos Sudarso Medan', '2012-02-01', '2012-02-08', '5 hari', '1'),
(15, 'PT. Growth Sumatra Industri Ltd (pabrik)', 'Kwalitas Udara Ambien', 'Jln. Kol. Yos Sudarso Medan', '2012-02-01', '2012-02-08', '5 hari', '1'),
(16, 'PT. Bridgestone Sumatra Rubber Estate', 'Kwalitas Udara Emisi', 'Serbelawan', '2012-02-06', '2012-02-08', '2 hari', '1'),
(17, 'PT. Bridgestone Sumatra Rubber estate', 'Kwalitas Udara Emisi', 'Serbelawan', '2012-02-06', '2012-02-08', '2 hari', '1'),
(18, 'PT. Bridgestone Sumatra Rubber Estate', 'Kwalitas Udara Emisi', 'Serbelawan', '2012-02-06', '2012-02-08', '2 hari', '1'),
(19, 'PT. Bridgestone Sumatra Rubber Estate', 'Kwalitas Udara Emisi', 'Serbelawan', '2012-02-06', '2012-02-08', '2 hari', '1'),
(20, 'PT. Bridgestone Sumatra Rubber Estate', 'Kwalitas Udara Emisi', 'Serbelawan', '2012-02-06', '2012-02-08', '2 hari', '1'),
(21, 'PT. Bridgestone Sumatra Rubber Estate', 'Kwalitas Udara Emisi', 'Serbelawan', '2012-02-06', '2012-02-08', '2 hari', '1'),
(22, 'PT. Agrindo Indah Perkasa', 'Kwalitas Udara Emisi', 'Kisaran', '2012-02-06', '2012-02-08', '3 hari', '1'),
(23, 'PT. Agrindo Indah Perkasa', 'Kwalitas Udara Emisi', 'Kisaran', '2012-02-06', '2012-02-08', '3 hari', '1'),
(24, 'PT. Agrindo Indah Perkasa', 'Kwalitas Udara Ambien', 'Kisaran', '2012-02-06', '2012-02-08', '2 hari', '1'),
(25, 'PT. Inti Plastindo', 'Kwalitas Udara Ambien', 'KIM-Star Medan', '2012-02-29', '2012-03-04', '4 hari', '1'),
(26, 'Rosix Surya PT', 'Kwalitas Udara Ambien', 'Medan', '2012-02-29', '2012-03-04', '4 hari', '1'),
(27, 'PT. Alfo', 'Kwalitas Udara Ambien', 'Medan', '2012-04-16', '2012-04-20', '4 hari', '1'),
(28, 'Rumah Makan Sederhana', 'Kwalitas Udara Ambien', 'Medan', '2012-04-16', '2012-04-20', '4 hari', '1'),
(29, 'GSI', 'Kwalitas Udara Ambien', 'Medan', '2012-04-16', '2012-04-20', '4 hari', '1'),
(30, 'PT. Milano Pinang Awan', 'Kwalitas Udara Emisi', 'Kota Pinang Labuhan Batu', '2012-04-20', '2012-05-02', '8 hari', '1'),
(31, 'PT. Victorindo Alam Lestari', 'Air Limbah', 'Jln. Iskandar Muda No. 107 Medan', '2012-10-01', '2012-01-20', '8 hari', '2'),
(32, 'PT. Permata Hijau Sawit', 'Air Limbah', 'Jln, Iskandar Muda No, 107 Medan', '2012-10-01', '2012-01-20', '8 hari', '2'),
(33, 'PT. Soci Mas', 'Air Limbah', 'Jln, Pulau Irian No. 02 KIM Mabar Mdn', '2012-11-01', '2012-01-20', '7 hari', '2'),
(34, 'PT. Soci Mas', 'Air Limbah', 'Jln, Pulau Irian No. 02 KIM Mabar Mdn', '2012-11-01', '2012-01-20', '7 hari', '2'),
(35, 'PT. Soci Mas', 'Air Limbah', 'Jln. Pulau Irian N0. 02 KIM Mabar Mdn', '2012-11-01', '2012-01-20', '7 hari ', '2'),
(36, 'PT. Madjin', 'Air Limbah', 'Jln. Pulau Irian N0. 02 KIM Mabar Mdn', '2012-12-01', '2012-01-02', '13 hari', '2'),
(37, 'PT. Madjin', 'Air Limbah', 'Jln. Pulau Irian N0. 02 KIM Mabar Mdn', '2012-12-01', '2012-01-02', '13 hari', '2'),
(671, '', '', '', '0000-00-00', '0000-00-00', '', ''),
(39, 'PT. Madjin', 'Air Limbah', 'Jln. Pulau Irian N0. 02 KIM Mabar Mdn', '2012-12-01', '2012-01-02', '13 hari', '2'),
(41, 'PT. Wipolimex', 'Air Limbah', 'Jln. Pulau Irian N0. 02 KIM Mabar Mdn', '2012-01-12', '2012-02-01', '13 hari', '2'),
(42, 'PT. Wipolimex', 'Air Sungai', 'Jln. Pulau Irian N0. 02 KIM Mabar Mdn', '2012-01-12', '2012-02-01', '13 hari', '2'),
(43, 'PT. Wipolimex', 'Air Sungai', 'Jln. Pulau Irian N0. 02 KIM Mabar Mdn', '2012-01-12', '2012-02-01', '13 hari', '2'),
(44, 'PT. Kirana Sapta', 'Air Limbah', 'Jln. Pulau Irian N0. 02 KIM Mabar Mdn', '2012-01-12', '2012-02-01', '13 hari', '2'),
(45, 'PT. Kirana Sapta', 'Air Limbah', 'Jln. Pulau Irian N0. 02 KIM Mabar Mdn', '2012-01-12', '2012-02-01', '13 hari', '2'),
(46, 'PT. Kirana Sapta', 'Air Sungai', 'Jln. Pulau Irian N0. 02 KIM Mabar Mdn', '2012-01-12', '2012-02-01', '13 hari', '2'),
(47, 'PT. Kirana Sapta', 'Air Sungai', 'Jln. Pulau Irian N0. 02 KIM Mabar Mdn', '2012-01-12', '2012-02-01', '13 hari', '2'),
(48, 'PT. Virco', 'Air Limbah', 'Jln. Pulau Irian N0. 02 KIM Mabar Mdn', '2012-01-12', '2012-02-01', '13 hari', '2'),
(49, 'PT. Virco', 'Air Limbah', 'Jln. Pulau Irian N0. 02 KIM Mabar Mdn', '2012-01-12', '2012-02-01', '13 hari', '2'),
(50, 'PT. Virco', 'Air Sungai', 'Jln. Pulau Irian N0. 02 KIM Mabar Mdn', '2012-01-12', '2012-02-01', '13 hari', '2'),
(51, 'PT. VIrco', 'Air Sungai', 'Jln', '2012-01-12', '2012-02-01', '13 hari', '2'),
(52, 'PT. Anugrah', 'Air Limbah', 'Jln. Pulau Irian N0. 02 KIM Mabar Mdn', '2012-01-12', '2012-02-01', '13 hari', '2'),
(53, 'PT. Anugrah', 'Air Limbah', 'Jln. Pulau Irian N0. 02 KIM Mabar Mdn', '2012-01-12', '2012-02-01', '13 hari', '2'),
(54, 'PT. Anugrah', 'Air Sungai', 'Jln. Pulau Irian N0. 02 KIM Mabar Mdn', '2012-01-12', '2012-02-01', '13 hari', '2'),
(55, 'PT. Anugrah', 'Air Sungai', 'Jln. Pulau Irian N0. 02 KIM Mabar Mdn', '2012-01-12', '2012-02-01', '13 hari', '2'),
(56, 'PT. Bumi Sari Prima', 'Air Limbah', 'Jln. T. Tinggi Km. 7 Siantar Martoba', '2012-01-13', '2012-02-01', '12 hari', '2'),
(57, 'PT. Ade Crumb Rubber', 'Air Limbah', 'Jln. Imam Bonjol T. Tinggi', '2012-01-16', '2012-02-01', '12 hari', '2'),
(58, 'PT. Bridgestone Sumatra Rubber Estate', 'Air Limbah', 'Serbelawan', '2012-01-17', '2012-02-01', '11 hari', '2'),
(59, 'PT. Bridgestone Sumatra Rubber Estate', 'Air Limbah', 'Serbelawan', '2012-01-17', '2012-02-01', '11 hari', '2'),
(60, 'PT. Bridgestone Sumatra Rubber Estate', 'Air Limbah', 'Serbelawan', '2012-01-17', '2012-02-01', '11 hari', '2'),
(61, 'PT. Bridgestone Sumatra Rubber Estate', 'Air Limbah', 'Serbelawan', '2012-01-17', '2012-02-01', '11 hari', '2'),
(62, 'PT. Bridgestone Sumatra Rubber Estate', 'Air Limbah', 'Serbelawan', '2012-01-17', '2012-02-01', '11 hari', '2'),
(63, 'PT. Bridgestone Sumatra Rubber Estate', 'Air Limbah', 'Serbelawan', '2012-01-17', '2012-02-01', '11 hari', '2'),
(64, 'PT. Bridgestone Sumatra Rubber Estate', 'Air Limbah', 'Serbelawan', '2012-01-17', '2012-02-01', '11 hari', '2'),
(65, 'PT. Bridgestone Sumatra Rubber Estate', 'Air Limbah', 'Serbelawan', '2012-01-17', '2012-02-01', '11 hari', '2'),
(66, 'PT. Bridgestone Sumatra Rubber Estate', 'Air Limbah', 'Serbelawan', '2012-01-17', '2012-02-01', '11 hari', '2'),
(67, 'PT. Bridgestone Sumatra Rubber Estate', 'Air Limbah', 'Serbelawan', '2012-01-17', '2012-02-01', '11 hari', '2'),
(68, 'PT. Victorindo Alam Lestari', 'Air Limbah', 'Jln. S. Iskandar Muda No. 107 Medan', '2012-01-17', '2012-02-09', '16 hari', '2'),
(69, 'PT. Dharmasindo', 'Air Limbah', 'Tebing Tinggi', '2012-01-18', '2012-02-09', '15 hari', '2'),
(70, 'PT. Dharmasindo', 'Air Limbah', 'Tebing Tinggi', '2012-01-18', '2012-02-09', '15 hari', '2'),
(71, 'PT. Dharmasindo', 'Air Sungai', 'Tebing Tinggi', '2012-01-18', '2012-02-09', '15 hari', '2'),
(72, 'PT. Dharmasindo', 'Air Sungai', 'Tebing Tinggi', '2012-01-18', '2012-02-09', '15 hari', '2'),
(73, 'PT. Nusira', 'Air Sungai', 'Amplas Medan', '2012-01-18', '2012-02-09', '15 hari', '2'),
(74, 'PT. Nusira', 'Air Sungai', 'Amplas Medan', '2012-01-18', '2012-02-09', '15 hari', '2'),
(75, 'PT. Cakra Compact Aluminium Induatries', 'Air Limbah', 'Jl. Medan - Tj. Morawa km 14,5 Medan', '2012-01-19', '2012-02-09', '14 hari', '2'),
(76, 'PT. Permata Hijau Sawit', 'Air Limbah', 'Jl. S. Iskandar Muda no 107 Medan', '2012-01-25', '2012-02-09', '11 hari', '2'),
(77, 'PT. Victorindo Alam Lestari', 'Air Limbah', 'Jl. S. Iskandar Muda no 107 Medan', '2012-01-25', '2012-02-09', '11 hari', '2'),
(78, 'PT. Victorindo Alam Lestari', 'Air Limbah', 'Jl. S. Iskandar Muda no 107 Medan', '2012-01-31', '2012-02-09', '7 hari', '2'),
(79, 'PT. Handa Terminal', 'Air Limbah', 'Jl. Kol. Sugiono no 38 Medan', '2012-02-01', '2012-02-13', '8 hari', '2'),
(80, 'PT. Handa Terminal', 'Air Limbah', 'Jl. Kol. Sugiono no 38 Medan', '2012-02-01', '2012-02-13', '8 hari', '2'),
(81, 'PT. Permata Hijau Sawit', 'Air Limbah', 'Jl. S. Iskandar Muda no 107 Medan', '2012-02-01', '2012-02-13', '8 hari', '2'),
(82, 'PT. Growth Sumatra Industri (PLTU)', 'Air Limbah', 'Jl. K. L. Yos Sudarso - Medan', '2012-02-01', '2012-02-14', '9 hari', '2'),
(83, 'PT. Growth Sumatra Industri (PLTU)', 'Air Sungai', 'Jl. K. L. Yos Sudarso - Medan', '2012-02-01', '2012-02-14', '9 hari', '2'),
(84, 'PT. Growth Sumatra Industri (PLTU)', 'Air Sungai', 'Jl. K. L. Yos Sudarso - Medan', '2012-02-01', '2012-02-14', '9 hari', '2'),
(85, 'PT. Soci Mas', 'Air Limbah', 'Jl. Pulau Irian no 02 KIM Mabar Mdn', '2012-02-03', '2012-02-16', '9 hari', '2'),
(86, 'PT. Soci Mas', 'Air Limbah', 'Jl. Pulau Irian no 02 KIM Mabar Mdn', '2012-02-03', '2012-02-16', '9 hari', '2'),
(87, 'PT. Soci Mas', 'Air Limbah', 'Jl. Pulau Irian no 02 KIM Mabar Mdn', '2012-02-03', '2012-02-16', '9 hari', '2'),
(88, 'PT. Bumi Sari Prima', 'Air Limbah', 'Jl. Raya T. Tinggi km 7 Siantar Medan', '2012-02-08', '2012-02-16', '6 hari', '2'),
(89, 'PT. Victorindo Alam Lestari', 'Air Limbah', 'Jl. S. Iskandar Muda no 107 Medan', '2012-02-14', '2012-02-23', '7 hari', '2'),
(90, 'PT. Permata Hijau Sawit', 'Air Limbah', 'Jl. S. Iskandar Muda no 107 Medan', '2012-02-15', '2012-02-23', '7 hari', '2'),
(91, 'PT. Victorindo Alam Lestari', 'Air Limbah', 'Jl. S. Iskandar Muda no 107 Medan', '2012-02-21', '2012-02-23', '2 hari', '2'),
(92, 'PT. Cakra Compact Aluminium Industries', 'Air Limbah', 'Jl. Medan - Tj. Morawa km 14,5 Medan', '2012-02-21', '2012-02-23', '2 hari', '2'),
(93, 'PT. Permata Hijau Sawit', 'Air Limbah', 'Jl. S. Iskandar Muda no 107 Medan', '2012-02-23', '2012-03-06', '8 hari', '2'),
(94, 'PT. Adei Crumb Rubber', 'Air Limbah', 'Jl. Imam Bonjol T. Tinggi', '2012-02-23', '2012-03-06', '8 hari', '2'),
(95, 'PT. Victorindo Alam Lestari', 'Air Limbah', 'Jl. S. Iskandar Muda no 107 Medan', '2012-02-28', '2012-03-08', '7 hari', '2'),
(96, 'Suprianto', 'Madu', 'Medan', '2012-01-09', '2012-01-16', '5 hari', '3'),
(97, 'Suprianto', 'Madu', 'Medan', '2012-01-09', '2012-01-16', '5 hari', '3'),
(98, 'Suprianto', 'Madu', 'Medan', '2012-01-09', '2012-01-16', '5 hari', '3'),
(99, 'CV. Deli Citra', 'Shrimp Pash (Terasi)', 'Jln. Jawa Gg. G No. 11 Belawan', '2012-01-11', '2012-01-17', '4 hari', '3'),
(100, 'CV. Eka Nusa Jaya', 'Biji Kopi', 'Jln. Ambon No. 16-A Medan', '2012-01-11', '2012-01-12', '1 hari', '3'),
(101, 'CV. Eka Nusa Jaya', 'Biji Kopi', 'Jln. Ambon No. 16-A Medan', '2012-01-11', '2012-01-12', '1 hari', '3'),
(102, 'CV. Eka Nusa Jaya', 'Biji Kopi', 'Jln. Ambon No. 16-A Medan', '2012-01-11', '2012-01-12', '1 hari', '3'),
(103, 'Nunung', 'Kerupuk', 'Jln. Jumadi No. 281 Pulau Brayan', '2012-01-11', '2012-01-18', '5 hari', '3'),
(104, 'Nunung', 'Kerupuk', 'Jln. Jumadi No. 281 Pulau Brayan', '2012-01-11', '2012-01-18', '5 hari', '3'),
(105, 'Komite Nasional Garam Propsu', 'Garam Bahan Baku', 'Jln. P. Diponegoro No. 30 A Medan', '2012-01-11', '2012-01-27', '11 hari', '3'),
(106, 'Komite Nasional Garam Propsu', 'Garam Bahan Baku', 'Jln. Diponegoro No. 30 A Medan', '2012-01-11', '2012-01-27', '11 hari', '3'),
(107, 'Komite Nasional Garam Propsu', 'Garam Bahan Baku', 'Jln. Diponegoro No. 30 A Medan', '2012-01-11', '2012-01-27', '11 hari', '3'),
(108, 'Nirwan Barus Spd Mhs. Pasca Sarjana USU', 'Kecap Ikan (Hasil Fermentasi)', 'Jln. Dewi Warna No. 22 P.Bulan Medan', '2012-01-18', '2012-01-31', '8 hari', '3'),
(109, 'Nirwan Barus Spd Mhs. Pasca Sarjana USU', 'Kecap Ikan (Hasil Fermentasi)', 'Jln. Dewi Warna No. 22 P.Bulan Medan', '2012-01-18', '2012-01-31', '8 hari', '3'),
(110, 'Nirwan Barus Spd Mhs. Pasca Sarjana USU', 'Kecap Ikan (Hasil Fermentasi)', 'Jln. Dewi Warna No. 22 P.Bulan Medan', '2012-01-18', '2012-01-31', '8 hari', '3'),
(111, 'Nirwan Barus Spd Mhs. Pasca Sarjana USU', 'Kecap Ikan (Hasil Fermentasi)', 'Jln. Dewi Warna No. 22 P.Bulan Medan', '2012-01-18', '2012-01-31', '8 hari', '3'),
(112, 'Nirwan Barus Spd Mhs. Pasca Sarjana USU', 'Kecap Ikan (Hasil Fermentasi)', 'Jln. Dewi Warna No. 22 P.Bulan Medan', '2012-01-18', '2012-01-31', '8 hari', '3'),
(113, 'Nirwan Barus Spd Mhs. Pasca Sarjana USU', 'Kecap Ikan (Hasil Fermentasi)', 'Jln. Dewi Warna No. 22 P.Bulan Medan', '2012-01-18', '2012-01-31', '8 hari', '3'),
(114, 'Nirwan Barus Spd Mhs. Pasca Sarjana USU', 'Kecap Ikan (Hasil Fermentasi)', 'Jln. Dewi Warna No. 22 P.Bulan Medan', '2012-01-18', '2012-01-31', '8 hari', '3'),
(115, 'Nirwan Barus Spd Mhs. Pasca Sarjana USU', 'Kecap Ikan (Hasil Fermentasi)', 'Jln. Dewi Warna No. 22 P.Bulan Medan', '2012-01-18', '2012-01-31', '8 hari', '3'),
(116, 'Nirwan Barus Spd Mhs. Pasca Sarjana USU', 'Kecap Ikan (Hasil Fermentasi)', 'Jln. Dewi Warna No. 22 P.Bulan Medan', '2012-01-18', '2012-01-27', '8 hari', '3'),
(117, 'Nirwan Barus Spd Mhs. Pasca Sarjana USU', 'Kecap Ikan (Hasil Fermentasi)', 'Jln. Dewi Warna No. 22 P.Bulan Medan', '2012-01-18', '2012-01-31', '8 hari', '3'),
(118, 'Nirwan Barus Spd Mhs. Pasca Sarjana USU', 'Kecap Ikan (Hasil Fermentasi)', 'Jln. Dewi Warna No. 22 P.Bulan Medan', '2012-01-18', '2012-01-31', '8 hari', '3'),
(119, 'Nirwan Barus Spd Mhs. Pasca Sarjana USU', 'Kecap Ikan (Hasil Fermentasi)', 'Jln. Dewi Warna No. 22 P.Bulan Medan', '2012-01-18', '2012-01-31', '8 hari', '3'),
(120, 'Nirwan Barus Spd Mhs. Pasca Sarjana USU', 'Kecap Ikan (Hasil Fermentasi)', 'Jln. Dewi Warna No. 22 P.Bulan Medan', '2012-01-18', '2012-01-31', '8 hari', '3'),
(121, 'Nirwan Barus Spd Mhs. Pasca Sarjana USU', 'Kecap Ikan (Hasil Fermentasi)', 'Jln. Dewi Warna No. 22 P.Bulan Medan', '2012-01-18', '2012-01-31', '8 hari', '3'),
(122, 'Nirwan Barus Spd Mhs. Pasca Sarjana USU', 'Kecap Ikan (Hasil Fermentasi)', 'Jln. Dewi Warna No. 22 P.Bulan Medan', '2012-01-18', '2012-01-31', '8 hari', '3'),
(123, 'Nirwan Barus Spd Mhs. Pasca Sarjana USU', 'Kecap Ikan (Hasil Fermentasi)', 'Jln. Dewi Warna No. 22 P.Bulan Medan', '2012-01-18', '2012-01-27', '8 hari', '3'),
(124, 'Nirwan Barus Spd Mhs. Pasca Sarjana USU', 'Kecap Ikan (Hasil Fermentasi)', 'Jln. Dewi Warna No. 22 P.Bulan Medan', '2012-01-18', '2012-01-31', '8 hari', '3'),
(125, 'Nirwan Barus Spd Mhs. Pasca Sarjana USU', 'Kecap Ikan (Hasil Fermentasi)', 'Jln. Dewi Warna No. 22 P.Bulan Medan', '2012-01-18', '2012-01-31', '8 hari', '3'),
(126, 'Nirwan Barus Spd Mhs. Pasca Sarjana USU', 'Kecap Ikan (Hasil Fermentasi)', 'Jln. Dewi Warna No. 22 P.Bulan Medan', '2012-01-18', '2012-01-31', '8 hari', '3'),
(127, 'Nirwan Barus Spd Mhs. Pasca Sarjana USU', 'Kecap Ikan (Hasil Fermentasi)', 'Jln. Dewi Warna No. 22 P.Bulan Medan', '2012-01-18', '2012-01-31', '8 hari', '3'),
(128, 'Nirwan Barus Spd Mhs. Pasca Sarjana USU', 'Kecap Ikan (Hasil Fermentasi)', 'Jln. Dewi Warna No. 22 P.Bulan Medan', '2012-01-18', '2012-01-31', '8 hari', '3'),
(129, 'Nirwan Barus Spd Mhs. Pasca Sarjana USU', 'Kecap Ikan (Hasil Fermentasi)', 'Jln. Dewi Warna No. 22 P.Bulan Medan', '2012-01-18', '2012-01-31', '8 hari', '3'),
(130, 'Nirwan Barus Spd Mhs. Pasca Sarjana USU', 'Kecap Ikan (Hasil Fermentasi)', 'Jln. Dewi Warna No. 22 P.Bulan Medan', '2012-01-18', '2012-01-31', '8 hari', '3'),
(131, 'Nirwan Barus Spd Mhs. Pasca Sarjana USU', 'Kecap Ikan (Hasil Fermentasi)', 'Jln. Dewi Warna No. 22 P.Bulan Medan', '2012-01-18', '2012-01-31', '8 hari', '3'),
(132, 'Nirwan Barus Spd Mhs. Pasca Sarjana USU', 'Kecap Ikan (Hasil Fermentasi)', 'Jln. Dewi Warna No. 22 P.Bulan Medan', '2012-01-18', '2012-01-31', '8 hari', '3'),
(133, 'Nirwan Barus Spd Mhs. Pasca Sarjana USU', 'Kecap Ikan (Hasil Fermentasi)', 'Jln. Dewi Warna No. 22 P.Bulan Medan', '2012-01-18', '2012-01-31', '8 hari', '3'),
(134, 'Nirwan Barus Spd Mhs. Pasca Sarjana USU', 'Kecap Ikan (Hasil Fermentasi)', 'Jln. Dewi Warna No. 22 P.Bulan Medan', '2012-01-18', '2012-01-31', '8 hari', '3'),
(135, 'CV. Eka Nusa Jaya', 'Biji Kopi', 'Jln, Ambon No. 16-A Medan', '2012-01-18', '2012-01-19', '1 hari', '3'),
(136, 'CV. Eka Nusa Jaya', 'Biji Kopi', 'Jln. Ambon No, 16-A Medan', '2012-01-18', '2012-01-19', '1 hari', '3'),
(137, 'CV. Eka Nusa Jaya', 'Biji Kopi', 'Jln. Ambon No, 16-A Medan', '2012-01-18', '2012-01-19', '1 hari', '3'),
(138, 'CV. Eka Nusa Jaya', 'Biji Kopi', 'Jln. Ambon No, 16-A Medan', '2012-01-18', '2012-01-19', '1 hari', '3'),
(139, 'PT. Union Confectionery', 'Permen Karet', 'Jln. Medan-Belawan Km. 10,5 KIM Medan', '2012-01-20', '2012-01-30', '5 hari', '3'),
(140, 'PT. Union Confectionery', 'Permen Karet', 'Jln. Medan-Belawan Km. 10,5 KIM Medan', '2012-01-20', '2012-01-30', '5 hari', '3'),
(141, 'PT. Union Confectionery', 'Permen Karet', 'Jln. Medan-Belawan Km. 10,5 KIM Medan', '2012-01-20', '2012-01-30', '5 hari', '3'),
(142, 'CV. Eka Nusa Jaya', 'Biji Kopi', 'Jln. Ambon No. 16-A Medan', '2012-01-24', '2012-01-25', '1 hari', '3'),
(143, 'Andrew Young', 'Saus Cabe', 'Kawan Industry Medan II Medan', '2012-01-27', '2012-02-03', '5 hari', '3'),
(144, 'CV. Eka Nusa Jaya', 'Biji Kopi', 'Jln. Ambon No. 16-A Medan', '2012-01-31', '2012-02-01', '1 hari', '3'),
(145, 'CV. Eka Nusa Jaya', 'Biji Kopi', 'Jln. Ambon No. 16-A Medan', '2012-01-31', '2012-02-01', '1 hari', '3'),
(146, 'CV. Eka Nusa Jaya', 'Biji Kopi', 'Jln. Ambon No. 16-A Medan', '2012-01-31', '2012-02-01', '1 hari', '3'),
(147, 'PT. Sumber Segar Persada', 'Minuman Beralkohol Gol B', 'Jln. Kebun Sayur Tj. Morawa Medan', '2012-02-01', '2012-02-10', '7 hari', '3'),
(148, 'PT. Sumber Segar Persada', 'Minuman Beralkohol Gol B', 'Jln. Kebun Sayur Tj. Morawa Medan', '2012-02-01', '2012-02-10', '7 hari', '3'),
(149, 'Nazlina', 'Pakan Ternak', 'USU Medan', '2012-02-06', '2012-02-09', '3 hari', '3'),
(150, 'CV. Eka Nusa Jaya', 'Biji Kopi', 'Jln. Ambon No. 16-A Medan', '2012-02-07', '2012-02-08', '1 hari', '3'),
(151, 'CV. Eka Nusa Jaya', 'Biji Kopi', 'Jln. Ambon No. 16-A Medan', '2012-02-07', '2012-02-08', '1 hari', '3'),
(152, 'CV. Eka Nusa Jaya', 'Biji Kopi', 'Jln. Ambon No. 16-A Medan', '2012-02-07', '2012-02-08', '1 hari', '3'),
(153, 'Komite Nasional Garam Propsu', 'Garam Bahan Baku', 'Jln. P. DIponegoro No. 30 A Medan', '2012-02-08', '2012-02-09', '1 hari', '3'),
(154, 'Direktorat Jend. Bea dan Cukai/Kanwil SU', 'Minuman Beralkohol', 'Jln. Anggada II Kotak Pos I Medan Blw', '2012-02-13', '2012-02-15', '2 hari', '3'),
(155, 'Direktorat Jend. Bea dan Cukai/Kanwil SU', 'Minuman Beralkohol', 'Jln. Anggada II Kotak Pos I Medan Blw', '2012-02-13', '2012-02-15', '2 hari', '3'),
(156, 'Direktorat Jend. Bea dan Cukai/Kanwil SU', 'Minuman Beralkohol', 'Jln. Anggada II Kotak Pos I Medan Blw', '2012-02-13', '2012-02-15', '2 hari', '3'),
(157, 'Direktorat Jend. Bea dan Cukai/Kanwil SU', 'Minuman Beralkohol', 'Jln. Anggada II Kotak Pos I Medan Blw', '2012-02-13', '2012-02-15', '2 hari', '3'),
(158, 'Direktorat Jend. Bea dan Cukai/Kanwil SU', 'Minuman Beralkohol', 'Jln. Anggada II Kotak Pos I Medan Blw', '2012-02-13', '2012-02-15', '2 hari', '3'),
(159, 'Direktorat Jend. Bea dan Cukai/Kanwil SU', 'Minuman Beralkohol', 'Jln. Anggada II Kotak Pos I Medan Blw', '2012-02-13', '2012-02-15', '2 hari', '3'),
(160, 'CV. Eka Nusa Jaya', 'Biji Kopi', 'Jln. Ambon No. 16-A Medan', '2012-02-13', '2012-02-15', '2 hari', '3'),
(161, 'CV. Eka Nusa Jaya', 'Biji Kopi', 'Jln. Ambon No. 16-A Medan', '2012-02-13', '2012-02-15', '2 hari', '3'),
(162, 'PT. Jangkar Raja', 'Garam Beryodium', 'Jln. Rumah Potong Hewan No. 31 Mabar', '2012-02-14', '2012-02-14', '1 hari', '3'),
(163, 'CV. Sari Buah Utama', 'Minuman Beralkohol', 'Jln. Medan-Deli Tua Km. 6,5 Medan', '2012-02-14', '2012-02-17', '3 hari', '3'),
(164, 'CV. Sari Buah Utama', 'Minuman Beralkohol', 'Jln. Medan-Deli Tua Km. 16,5 Medan', '2012-02-14', '2012-02-17', '3 hari', '3'),
(165, 'CV. Eka Nusa Jaya', 'Biji Kopi', 'Jln. Ambon No. 16-A Medan', '2012-02-15', '2012-02-16', '1 hari', '3'),
(166, 'CV. Eka Nusa Jaya', 'Biji Kopi', 'Jln. Ambon No. 16-A Medan', '2012-02-15', '2012-02-16', '1 hari', '3'),
(167, 'CV. Eka Nusa Jaya', 'Biji Kopi', 'Jln. Ambon No. 16-A Medan', '2012-02-15', '2012-02-16', '1 hari', '3'),
(168, 'CV. Eka Nusa Jaya', 'Biji Kopi', 'Jln. Ambon No. 16-A Medan', '2012-02-21', '2012-02-22', '1 hari', '3'),
(169, 'CV. Eka Nusa Jaya', 'Biji Kopi', 'Jln. Ambon No. 16-A Medan', '2012-02-21', '2012-02-22', '1 hari', '3'),
(170, 'CV. Eka Nusa Jaya', 'Biji Kopi', 'Jln. Ambon No. 16-A Medan', '2012-02-21', '2012-02-22', '1 hari', '3'),
(171, 'CV. Eka Nusa Jaya', 'Biji Kopi', 'Jln. Ambon No. 16-A Medan', '2012-02-28', '2012-02-29', '1 hari', '3'),
(172, 'CV. Eka Nusa Jaya', 'Biji Kopi', 'Jln. Ambon No. 16-A Medan', '2012-03-01', '2012-03-02', '1 hari', '3'),
(173, 'Handayani Mhs. UMA', 'Jamur Kripik', 'Mahasiswa UMA Fak. Biologi', '2012-03-07', '2012-03-14', '5 hari', '3'),
(174, 'CV. Eka Nusa Jaya', 'Biji Kopi', 'Jln. Ambon No. 16-A Medan', '2012-03-07', '2012-03-08', '1 hari', '3'),
(175, 'Salim Tjuatja', 'Kopi Luwak', 'Jln. Pajak Palapa Blok II F No. 4 P.Brayan', '2012-03-09', '2012-03-14', '4 hari', '3'),
(176, 'CV. Eka Nusa Jaya', 'Biji Kopi', 'Jln. Ambon No, 16-A Medan', '2012-03-15', '2012-03-16', '1 hari', '3'),
(177, 'CV. Eka Nusa Jaya', 'Biji Kopi', 'Jln. Ambon No, 16-A Medan', '2012-03-15', '2012-03-16', '1 hari', '3'),
(178, 'CV. Eka Nusa Jaya', 'Biji Kopi', 'Jln. Ambon No, 16-A Medan', '2012-03-15', '2012-03-16', '1 hari', '3'),
(179, 'Loka Penelitian Kambing Potong', 'Pakan Ternak', 'Sei Putih', '2012-03-19', '2012-03-26', '4 hari', '3'),
(180, 'Loka Penelitian Kambing Potong', 'Pakan Ternak', 'Sei Putih', '2012-03-19', '2012-03-26', '4 hari', '3'),
(181, 'Komite Nasional Garam Propsu', 'Garam Bahan Baku', 'Jln. P. Diponegoro No. 30 A Medan', '2012-03-19', '2012-03-26', '4 hari', '3'),
(182, 'Komite Nasional Garam Propsu', 'Garam Bahan Baku', 'Jln. P. Diponegoro No. 30 A Medan', '2012-03-19', '2012-03-26', '4 hari', '3'),
(183, 'Komite Nasional Garam propsu', 'Garam Bahan Baku', 'Jln. P. Diponegoro No. 30 A Medan', '2012-03-19', '2012-03-26', '4 hari', '3'),
(184, 'CV. Eka Nusa Jaya', 'Biji Kopi', 'Jln. Ambon No, 16-A Medan', '2012-03-21', '2012-03-22', '1 hari', '3'),
(185, 'CV. Eka Nusa Jaya', 'Biji Kopi', 'Jln. Ambon No, 16-A Medan', '2012-03-21', '2012-03-22', '1 hari', '3'),
(186, 'CV. Eka Nusa Jaya', 'Biji Kopi', 'Jln. Ambon No, 16-A Medan', '2012-03-21', '2012-03-22', '1 hari', '3'),
(187, 'PT. Indoking Aneka Agar-Agar Industri', 'Agar-Agar', 'Jln. Inpres DS Tj. Gusta Kec. Medan Sunggal DS', '2012-03-21', '2012-03-29', '5 hari', '3'),
(188, 'Nazlina', 'Pakan ternak', 'USU Medan', '2012-03-26', '2012-04-02', '5 hari', '3'),
(189, 'CV. Air Mas Chemical', 'Alkohol Teknis', 'Jln. Ngunban Surbakti Psr. 7 No. 6 P.Bulan', '2012-03-28', '2012-04-03', '4 hari', '3'),
(190, 'CV. Eka Nusa Jaya', 'Biji Kopi', 'Jln. Ambon No. 16-A Medan', '2012-03-28', '2012-04-29', '1 hari', '3'),
(191, 'CV. Commodity Venturest Zul', 'Biji Kopi', 'Jln. Bintang Terang Ds', '2012-03-28', '2012-03-29', '1 hari', '3'),
(192, 'CV. Commodity Venturest Zul', 'Biji Kopi', 'Jln. Bintang Teras Ds', '2012-03-29', '2012-03-30', '1 hari', '3'),
(193, 'Komite Nasional Garam Propsu', 'Garam Beryodium', 'Jln. P. Diponegoro No. 30 A Medan', '2012-04-03', '2012-04-10', '4 hari', '3'),
(194, 'Komite Nasional Garam propsu', 'Garam Bahan Baku', 'Jln. P. Diponegoro No. 30 A Medan', '2012-04-03', '2012-04-10', '4 hari', '3'),
(195, 'Komite Nasional Garam Propsu', 'Garam Bahan Baku', 'Jln. P. Diponegoro No. 30 A Medan', '2012-04-03', '2012-04-10', '4 hari', '3'),
(196, 'PT. Busur Inti Indo Panah', 'Kecap Kental', 'Jln. Rasberi No. 18 Brahrang Binjai', '2012-04-11', '2012-04-19', '6 hari', '3'),
(197, 'PT. Busur Inti Indo Panah', 'Kecap Kental', 'Jln. Rasberi No. 18 Brahrang Binjai', '2012-04-11', '2012-04-19', '6 hari', '3'),
(198, 'PT. Busur Inti Indo Panah', 'Kecap Encer', 'Jln. Rasberi No. 18 Brahrang Binjai', '2012-04-11', '2012-04-19', '6 hari', '3'),
(199, 'PT. Busur Inti Indo Panah', 'Kecap Encer', 'Jln. Rasberi No. 18 Brahrang Binjai', '2012-04-11', '2012-04-19', '6 hari', '3'),
(200, 'CV. Eka Nusa Jaya', 'Biji Kopi', 'Jln. Ambon No. 16-A Medan', '2012-04-12', '2012-04-13', '1 hari', '3'),
(201, 'CV. Eka Nusa Jaya', 'Biji Kopi', 'Jln. Ambon No. 16-A Medan', '2012-04-12', '2012-04-13', '1 hari', '3'),
(202, 'Masrullah, NIM. 08000283 Mhs. FKM', 'Mie Sagu Kering', 'USU Jln. Universitas Medan', '2012-04-12', '2012-04-19', '5 hari', '3'),
(203, 'Masrullah, NIM. 08000283 Mhs. FKM', 'Mie Sagu Kering', 'USU Jln. Universitas Medan', '2012-04-12', '2012-04-19', '5 hari', '3'),
(204, 'Masrullah, NIM. 08000283 Mhs. FKM', 'Mie Sagu Kering', 'USU Jln. Universitas Medan', '2012-04-12', '2012-04-19', '5 hari', '3'),
(205, 'Masrullah, NIM. 08000283 Mhs. FKM', 'Mie Sagu Kering', 'USU Jln. Universitas Medan', '2012-04-12', '2012-04-19', '5 hari', '3'),
(206, 'Masrullah, NIM. 08000283 Mhs. FKM', 'Mie Sagu Kering', 'USU Jln. Universitas Medan', '2012-04-12', '2012-04-19', '5 hari', '3'),
(207, 'Masrullah, NIM. 08000283 Mhs. FKM', 'Mie Sagu Kering', 'USU Jln. Universitas Medan', '2012-04-12', '2012-04-19', '5 hari', '3'),
(208, 'Masrullah, NIM. 08000283 Mhs. FKM', 'Mie Sagu Kering', 'USU Jln. Universitas Medan', '2012-04-12', '2012-04-19', '5 hari', '3'),
(209, 'Masrullah, NIM. 08000283 Mhs. FKM', 'Mie Sagu Kering', 'USU Jln. Universitas Medan', '2012-04-12', '2012-04-19', '5 hari', '3'),
(210, 'Masrullah, NIM. 08000283 Mhs. FKM', 'Mie Sagu Kering', 'USU Jln. Universitas Medan', '2012-04-12', '2012-04-19', '5 hari', '3'),
(211, 'Masrullah, NIM. 08000283 Mhs. FKM', 'Mie Sagu Kering', 'USU Jln. Universitas Medan', '2012-04-12', '2012-04-19', '5 hari', '3'),
(212, 'CV. Micron/Dinas Perniagaan Propsu', 'Air Minum Dalam Kemasan', 'Jln. Putri Hijau No. 6 Medan', '2012-04-16', '2012-04-30', '10 hari', '3'),
(213, 'CV. Micron/Dinas Perniagaan Propsu', 'Garam Bahan Baku', 'Jln. Putri Hijau No. 6 Medan', '2012-04-16', '2012-04-30', '10 hari', '3'),
(214, 'CV. Micron/Dinas Perniagaan Propsu', 'Garam Bahan Baku', 'Jln. Putri Hijau No. 6 Medan', '2012-04-16', '2012-04-30', '10 hari', '3'),
(215, 'CV. Eka Nusa Jaya', 'Biji Kopi', 'Jln. Ambon No. 16-A Medan', '2012-04-18', '2012-04-19', '1 hari', '3'),
(216, 'CV. Eka Nusa Jaya', 'Biji Kopi', 'Jln. Ambon No. 16-A Medan', '2012-04-18', '2012-04-19', '1 hari', '3'),
(217, 'CV. Eka Nusa Jaya', 'Biji Kopi', 'Jln. Ambon No. 16-A Medan', '2012-04-18', '2012-04-19', '1 hari', '3'),
(218, 'CV. Eka Nusa Jaya', 'Biji Kopi', 'Jln. Ambon No. 16-A Medan', '2012-04-18', '2012-04-19', '1 hari', '3'),
(219, 'CV. Eka Nusa Jaya', 'Biji Kopi', 'Jln. Ambon No. 16-A Medan', '2012-04-18', '2012-04-19', '1 hari', '3'),
(220, 'Ria Sari', 'Bahan Tambahan Pangan', 'Jln. Negara No. 43 Medan', '2012-04-20', '2012-05-01', '7 hari', '3'),
(221, 'Ria Sari', 'Bahan Tambahan Pangan', 'Jln. Negara No. 43 Medan', '2012-04-20', '2012-05-01', '7 hari', '3'),
(222, 'Ria Sari', 'Bahan Tambahan Pangan', 'Jln. Negara No. 43 Medan', '2012-04-20', '2012-05-01', '7 hari', '3'),
(223, 'Ria Sari', 'Bahan Tambahan Pangan', 'Jln. Negara No. 43 Medan', '2012-04-20', '2012-05-01', '7 hari', '3'),
(224, 'Ria Sari', 'Bahan Tambahan Pangan', 'Jln. Negara No. 43 Medan', '2012-04-20', '2012-05-01', '7 hari', '3'),
(225, 'Komite Nasional Garam Propsu', 'Garam Bahan Baku', 'Jln. P. Diponegoro No. 30 Medan', '2012-04-23', '2012-04-30', '5 hari', '3'),
(226, 'Komite Nasional Garam Propsu', 'Garam Bahan Baku', 'Jln. P. Diponegoro No. 30 Medan', '2012-04-23', '2012-04-30', '5 hari', '3'),
(227, 'CV. Eka Nusa Jaya', 'Biji Kopi', 'Jln. Ambon No, 16-A Medan', '2012-04-25', '2012-04-26', '5 hari', '3'),
(228, 'Mitjah Farid NIM. 07211408 UMN', 'Serbuk Rumput Laut (Sarga)', 'Jln. garu II No. 93 Medan', '2012-04-27', '2012-05-03', '5 hari', '3'),
(229, 'Iskandar MR NPM. 072114037', 'Serbuk Rumput (Geledium Evert)', 'Jln. Garu II No. 93 Medan', '2012-04-27', '2012-03-05', '5 hari', '3'),
(230, 'Sahrul Alfan NPM. 072114016', 'Serbuk Daun Jambu  (Psidium G)', 'Jln. Garu II No. 93 Medan', '2012-04-27', '2012-05-03', '5 hari', '3'),
(231, 'Ashima Yuri S. NPM. 072114003 UMN', 'Serbuk Daun Sirsak (Annona Mur)', 'Jln. Garu II No. 93 Medan', '2012-04-27', '2012-05-03', '5 hari', '3'),
(232, 'Mat Puji NPM. 072114026', 'Serbuk Daun Jahe Merah (Zingiber)', 'Jln. Garu II No. 93 Medan', '2012-04-27', '2012-05-03', '5 hari', '3'),
(233, 'Ika Hamdayani NPM. 072114010 UMN', 'Serbuk Daun Temu Hitam', 'Jln. Garu II No. 93 Medan', '2012-04-27', '2012-05-03', '5 hari', '3'),
(234, 'Kartini NOM. 072114104 UMN', 'Serbuk Daun Temu Hitam', 'Jln. Garu II No. 93 Medan', '2012-04-27', '2012-05-03', '5 hari', '3'),
(235, 'Loka Penelitian Kambing Potong', 'Pakan Ternak', 'Sei Putih Galang', '2012-04-27', '2012-05-04', '6 hari', '3'),
(236, 'CV. Eka Nusa Jaya', 'Biji Kopi', 'Jln. Ambon No. 16-A Medan', '2012-05-03', '2012-05-04', '1 hari', '3'),
(237, 'CV. Eka Nusa Jaya', 'Biji Kopi', 'Jln. Ambon No. 16-A Medan', '2012-05-03', '2012-05-04', '1 hari', '3'),
(238, 'PT. Aneka Inti Bumi, Kpg Gelam RT. 018/RW04', 'Minuman Beralkohol Gol B', 'Ds. Belimbing Kec. Kosambi Kab Tangerang', '2012-05-04', '2012-05-15', '7 hari', '3'),
(239, 'Komite Nasional Garam Propsu', 'Garam Bahan Baku', 'Jln. P. Diponegoro No. 30 A Medan ', '2012-05-04', '2012-05-14', '6 hari', '3'),
(240, 'Komite Nasional Garam Propsu', 'Garam Bahan Baku', 'Jln. P. Diponegoro No. 30 A Medan', '2012-05-04', '2012-05-14', '6 hari', '3'),
(241, 'PT. Sari Murni Pratama', 'Air Minum Isi Ulang', 'Jln. Mesjid Gg. Rejeki No. 33 Ds. Payagali Medan', '2012-05-07', '2012-05-16', '7 hari', '3'),
(242, 'Golden Ways Coffee', 'Kopi Bubuk', 'Jl. Karya Rakyat No. 33 A ke, Sei Agul Medan Barat', '2012-05-08', '2012-05-18', '7 hari', '3'),
(243, 'Golden Ways Coffee', 'Kopi Bubuk', 'Jl. Karya Rakyat No. 33 A ke, Sei Agul Medan Barat', '2012-05-08', '2012-05-18', '7 hari', '3'),
(244, 'PT. Menacom', 'Biji Kopi', 'Jln. Turi No. 22-24 Medan', '2012-05-09', '2012-05-10', '1 hari', '3'),
(245, 'PT. Menacom', 'Biji kopi', 'Jln Turi No. 22-24 Medan', '2012-05-09', '2012-05-10', '1 hari', '3'),
(246, 'PT. Menacom', 'Biji Kopi', 'Jln. Turi No. 22-24 Medan', '2012-05-09', '2012-05-10', '1 hari', '3'),
(247, 'PT. Asia Bina Semesta Abadi', 'Minuman Ringan', 'Jl. Pulau Pinang KIM II Kec. Percut Sei Tuan', '2012-05-09', '2012-05-16', '5 hari', '3'),
(248, 'PT. Asia Bina Semesta Abadi', 'Minuman Ringan', 'Jl. Pulau Pinang KIM II Kec. Percut Sei Tuan', '2012-05-09', '2012-05-16', '5 hari', '3'),
(249, 'PT. Asia Bina Semesta Abadi', 'Minuman Ringan', 'Jl. Pulau Pinang KIM II Kec. Percut Sei Tuan', '2012-05-09', '2012-05-16', '5 hari', '3'),
(250, 'PT. Asia Bina Semesta Abadi', 'Minuman Ringan', 'Jl. Pulau Pinang KIM II Kec. Percut Sei Tuan', '2012-05-09', '2012-05-16', '5 hari', '3'),
(251, 'PT. Asia Bina Semesta Abadi', 'Minuman Ringan', 'Jl. Pulau Pinang KIM II Kec. Percut Sei Tuan', '2012-05-09', '2012-05-16', '5 hari', '3'),
(252, 'PT. Asia Bina Semesta Abadi', 'Minuman Ringan', 'Jl. Pulau Pinang KIM II Kec. Percut Sei Tuan', '2012-05-09', '2012-05-16', '5 hari', '3'),
(253, 'CV. Eka Nusa Jaya', 'Biji Kopi', 'Jln. Ambon No. 16 A Medan', '2012-05-10', '2012-05-11', '1 hari', '3'),
(254, 'Ria Maharani Mhs', 'Cookies (Jamur Kuping) ', 'Komp. Medan Estate Blok X No. 19 Medan', '2012-05-15', '2012-05-24', '6 hari', '3'),
(255, 'Rani Manurung Mhs UMA', 'Buah Sanduluk manuk', 'Jln. Kolam No. 1 Medan Estate', '2012-05-15', '2012-05-24', '6 hari', '3'),
(256, 'CV. Eka Nusa Jaya', 'Biji Kopi', 'Jln. Ambon No 16 A Medan', '2012-05-21', '2012-05-22', '1 hari', '3'),
(257, 'CV. Eka Nusa Jaya', 'Biji Kopi', 'Jln. Ambon No. 16 A Medan', '2012-05-23', '2012-05-24', '1 hari', '3'),
(258, 'CV. Eka Nusa Jaya', 'Biji Kopi', 'Jln. Ambon No. 16 A Medan', '2012-05-23', '2012-05-24', '1 hari', '3'),
(259, 'CV. Eka Nusa Jaya', 'Biji Kopi', 'Jln. Ambon No, 16 A Medan', '2012-05-23', '2012-05-24', '1 hari', '3'),
(260, 'CV. Eka Nusa Jaya', 'Biji Kopi', 'Jln. Ambon No. 16 A Medan', '2012-05-23', '2012-05-24', '1 hari', '3'),
(261, 'PT.Medan Suka Rasa', 'Minuman Beralkohol Gol B', 'Jln, Wahidin no 172/28 Medan', '2012-05-23', '2012-05-31', '6 hari', '3'),
(262, 'PT.Medan Suka Rasa', 'Minuman Beralkohol Gol B', 'Jln, Wahidin no 172/28 Medan', '2012-05-23', '2012-05-31', '6 hari', '3'),
(272, 'Komite Nasional Garam Propsu', 'Garam Bahan Baku', 'Jl. D. Ponegoro no. 30 A Medan', '2012-06-08', '2012-06-15', '', '3'),
(273, 'UD Samudera Desa Sampali', 'Garam Bahan Baku', 'Percut Deli Serdang', '2012-06-08', '2012-06-15', '', '3'),
(274, 'UD Samudera Desa Sampali', 'Garam Bahan Baku', 'Percut Deli Serdang', '2012-06-08', '0000-00-00', '', '3'),
(275, 'CV. Eka Nusa Jaya', 'Biji Kopi', 'Jln. Ambon No. 16-A Medan', '2012-06-13', '2012-06-14', '', '3'),
(276, 'CV. Eka Nusa Jaya', 'Biji Kopi', 'Jln. Ambon No. 16-A Medan', '2012-06-13', '2012-06-14', '', '3'),
(277, 'CV. Eka Nusa Jaya', 'Biji Kopi', 'Jln. Ambon No. 16-A Medan', '2012-06-13', '2012-06-14', '', '3'),
(278, 'CV. Eka Nusa Jaya', 'Biji Kopi', 'Jln. Ambon No. 16-A Medan', '2012-06-13', '2012-06-14', '', '3'),
(279, 'CV. Eka Nusa Jaya', 'Biji Kopi', 'Jln. Ambon No, 16-A Medan', '2012-06-13', '2012-06-14', '', '3'),
(280, 'CV. Eka Nusa Jaya', 'Biji Kopi', 'Jln. Ambon No, 16-A Medan', '2012-06-13', '2012-05-14', '', '3'),
(281, 'CV. Eka Nusa Jaya', 'Biji Kopi', 'Jln. Ambon No, 16-A Medan', '2012-06-13', '2012-06-14', '', '3'),
(282, 'CV. Eka Nusa Jaya', 'Biji Kopi', 'Jln. Ambon No. 16-A Medan', '2012-06-13', '2012-06-14', '', '3'),
(283, 'CV. Eka Nusa Jaya', 'Biji Kopi', 'Jln. Ambon No. 16-A Medan', '2012-06-13', '2012-06-14', '', '3'),
(284, 'CV. Eka Nusa Jaya', 'Biji Kopi', 'Jln. Ambon No. 16-A Medan', '2012-06-13', '2012-06-14', '', '3'),
(285, 'Fadila Water', 'Air Minum Isi Ulang', 'Batang Kuis Deli Serdang', '2012-06-27', '2012-07-06', '', '3'),
(286, 'CV. Eka Nusa Jaya', 'Biji Kopi', 'Jln. Ambon No. 16 A Medan', '2012-06-28', '2012-06-29', '', '3'),
(287, 'CV. Eka Nusa Jaya', 'Biji Kopi', 'Jln. Ambon No. 16-A Medan', '2012-06-28', '2012-06-29', '', '3'),
(288, 'CV. Eka Nusa Jaya', 'Biji Kopi', 'Jln. Ambon No. 16-A Medan', '2012-07-03', '2012-07-04', '', '3'),
(289, 'CV. Eka Nusa Jaya', 'Biji Kopi', 'Jln. Ambon No. 16-A Medan', '2012-07-03', '2012-07-04', '', '3'),
(290, 'Komite Nasional Garam Propsu', 'Garam Bahan Baku', 'Jl. P. Diponegoro No. 30 A Medan', '2012-07-04', '2012-07-16', '', '3'),
(291, 'Komite Nasional Garam Propsu', 'Garam Bahan Baku', 'Jln. P. Diponegoro No. 30 A Medan', '2012-07-04', '2012-07-16', '', '3'),
(292, 'Sri Taurina Rizki Sagala', 'Ediblen Film dari Rumput Laut', 'Jl. Bio Teknologi No. 1 Medan', '2012-07-05', '2012-07-16', '', '3'),
(293, 'Yusuf Kusuma', 'Tepung Sukun', 'Mahasiswa UNIMED', '2012-07-05', '2012-07-16', '', '3'),
(294, 'Yusuf Kesuma', 'Madu', 'Mahasiswa UNIMED', '2012-07-05', '2012-07-16', '', '3'),
(295, 'Suprianto', 'Madu', 'Medan', '2012-07-09', '2012-07-12', '', '3'),
(296, 'Dra. Fatma Tresna Ingtyas', 'Roti Manis Ubi Ungu', 'Dosen UNIMED', '2012-07-09', '2012-07-16', '', '3'),
(297, 'PT. Comodity Ventures Internasional', 'Biji Kopi', 'Jl. Bintang No. 388 Deli Serdang', '2012-07-11', '2012-07-12', '', '3'),
(298, 'PT. Comodity Ventures Internasional', 'Biji Kopi', 'Jl. Bintang No. 388 Deli Serdang', '2012-07-11', '2012-07-12', '', '3'),
(299, 'PT. Pepkarin Ria', 'Minuman Beralkohol', 'Jl. Glugur By pass Medan', '2012-07-11', '2012-07-16', '', '3'),
(300, 'CV, Eka Nusa Jaya', 'Biji Kopi', 'Jl. Ambon No. 16 Medan', '2012-07-12', '2012-07-13', '', '3'),
(301, 'CV. Eka Nusa Jaya', 'Biji Kopi', 'Jl. Ambon No. 16 Medan', '2012-07-12', '2012-07-13', '', '3'),
(302, 'CV. Eka Nusa Jaya', 'Biji Kopi', 'Jl. Ambon No, 16 Medan', '2012-07-12', '2012-07-13', '', '3'),
(303, 'CV. Eka Nusa Jaya', 'Biji Kopi', 'Jl. Ambon No. 16 Medan', '2012-07-12', '2012-07-13', '', '3'),
(304, 'CV. Eka Nusa Jaya', 'Biji Kopi', 'Jl. Ambon No. 16 Medan', '2012-07-12', '2012-07-13', '', '3'),
(305, 'CV. Eka Nusa Jaya', 'Biji Kopi', 'Jl. Ambon No. 16 Medan', '2012-07-12', '2012-07-13', '', '3'),
(306, 'Komite Nasional Garam Propsu', 'Garam Bahan Baku', 'Jln. P. Diponegoro No. 30 A Medan', '2012-07-25', '2012-07-30', '', '3'),
(307, 'Komite Nasional Garam Propsu', 'Garam Bahan Baku', 'Jln. P. Diponegoro No. 30 A Medan', '2012-07-25', '2012-07-30', '', '3'),
(308, 'Komite Nasional Garam propsu', 'Garam Bahan Baku', 'Jln. P. Diponegoro No. 30 A Medan', '2012-07-25', '2012-07-30', '', '3'),
(309, 'CV. Eka Nusa Jaya', 'Biji Kopi', 'Jl. Ambon No. 16 A Medan', '2012-07-27', '2012-07-30', '', '3'),
(310, 'CV. Eka Nusa Jaya', 'Biji Kopi', 'Jln. Ambon No, 16-A Medan', '2012-08-01', '2012-07-30', '', '3'),
(311, 'CV. Eka Nusa Jaya', 'Biji Kopi', 'Jln. Ambon No, 16-A Medan', '2012-08-01', '2012-08-02', '', '3'),
(312, 'CV. Eka Nusa Jaya', 'Biji Kopi', 'Jln. Ambon No, 16-A Medan', '2012-08-01', '2012-08-02', '', '3'),
(313, 'CV. Eka Nusa Jaya', 'Biji Kopi', 'Jln. Ambon No. 16-A Medan', '2012-08-01', '2012-08-02', '', '3'),
(314, 'Dinas Perindustrian Perdagangan Propsu', 'Garam Beryodium', 'Jl. Putri Hijau no.6 Medan', '2012-08-02', '2012-08-16', '', '3'),
(315, 'Dinas Perindustrian Perdagangan Propsu', 'Garam Beryodium', 'Jl. Putri Hijau no.6 Medan', '2012-08-02', '2012-08-16', '', '3'),
(316, 'Dinas Perindustrian Perdagangan', 'Garam Beryodium', 'Jl. Putri Hijau no.6 Medan', '2012-08-02', '2012-08-16', '', '3'),
(660, '', '', '', '0000-00-00', '0000-00-00', '', ''),
(319, 'CV. Eka Nusa Jaya', 'Biji Kopi', 'Jln. Ambon No. 16-A Medan', '2012-08-08', '2012-08-09', '', '3'),
(320, 'CV. Eka Nusa Jaya', 'Biji Kopi', 'Jln. Ambon No. 16-A Medan', '2012-08-30', '2012-09-06', '3 hari', '3'),
(664, '', '', '', '2013-01-18', '0000-00-00', '', ''),
(667, 'vanesa', 'vanesa', 'Medan', '2013-01-01', '2013-01-02', '1 hari', ''),
(656, 'asasasas', 'asasasasas', 'asasasasa', '2013-01-18', '2013-01-19', 'asasasas', ''),
(333, 'Industri Kecil Alat  Tradisional', 'Minyak Gosok', 'Jln. DE. STB Panggabean No. 4 A Sibolga', '2012-02-29', '2012-03-09', '7 hari', '4'),
(334, 'Industri Kecil Alat Tradisional', 'Minuman Sehat Herbal', 'Jln. Jerango LK. II Tebing Tinggi', '2012-03-15', '2012-03-26', '7 hari', '4'),
(335, '', 'Air Minum Dalam Kemasan', '', '2012-04-16', '2012-04-25', '7 hari', '4'),
(336, 'PT. Aneka Inti Bumi Anggur Bintang', 'Minuman Beralkohol Gol. B', 'Ds. Belimbing Kec. Kesambi Kab. Tangerang', '2012-05-04', '2012-05-16', '7 hari', '4'),
(337, 'PT. Sari Murni Pratama', 'Air Minum Isi Ulang', 'Jln. mesjid Rochi No. 33 Ds. Payageli Medan', '2012-07-05', '2012-05-16', '7 hari', '4'),
(338, 'PT. Menacom', 'Kopi Bubuk', 'Jln. Turi No. 22-24 Medan', '2012-05-08', '2012-05-16', '6 hari', '4'),
(339, 'Medan Juta Rasa', 'Minuman Beralkohol Gol. B', 'Jln. Wahidin N0. 172/28 medan', '2012-05-23', '2012-06-01', '7 hari', '4'),
(340, 'Medan Juta Rasa', 'Minuman Beralkohol Gol. B', 'Jln. Wahidin No. 172/28 Medan', '2012-05-23', '2012-06-01', '7 hari', '4'),
(341, 'CV. Tunas Mulia', 'Kopi Bubuk', 'Jln. Garuda No. 39G Sei SIkambing Medan', '2012-06-07', '2012-06-18', '7 hari', '4'),
(342, 'Atlas Rasa Surya', 'Bubuk Teh', 'Komp. Villa Gading Blok K No. 1 Medan', '2012-07-06', '2012-07-17', '7 hari', '4'),
(343, 'PT. Soci Mas Oleochemical', 'Glycerin', 'KIM Mabar', '2012-08-01', '0000-00-00', '', '4'),
(355, 'PT. Jaya Beton Indonesia', 'Plat Join (sambungan)', 'Jl. Pasar Nipon Paya Pasir Medan', '2012-01-25', '2012-02-13', '13 hari', '5'),
(356, 'PT. Cemerlang Samudera Kantrido', 'Turn Buckle', 'Medan', '2012-02-01', '2012-02-08', '5 hari', '5'),
(357, 'PT. Jaya Beton Indonesia', 'Pc-Wire', 'Jl. Pasar Nipon Paya Pasir Medan', '2012-04-03', '2012-04-20', '12 hari', '5'),
(358, 'PT. Jaya Beton Indonesia', 'Pc-Wire', 'Jl. Pasar Nipon Paya Pasir Medan', '2012-04-03', '2012-04-20', '12 hari', '5'),
(359, 'PT. Univeco', 'Baut Mur', 'Kwala Tanjun Bt. Bara', '2012-04-12', '2012-04-20', '12 hari', '5'),
(360, 'PT. Univeco', 'Baut Mur', 'Kwala Tj. Batu Bara', '2012-04-12', '2012-04-20', '12 hari', '5'),
(361, 'PT. Bridgstone Sumatera Rubber Estate', 'Saringan', 'Serbelawan', '2012-04-30', '2012-05-04', '4 hari', '5'),
(362, 'PT. Bridgstone Sumatera Rubber Estate', 'Saringan', 'Serbelawan', '2012-04-30', '2012-05-04', '4 hari', '5'),
(363, 'PT. Bridgstone Sumatera Rubber Estate', 'Saringan', 'Serbelawan', '2012-04-30', '2012-05-04', '4 hari', '5'),
(364, 'PT. Bridgstone Sumatera Rubber Estate', 'Saringan', 'Serbelawan', '2012-04-30', '2012-05-04', '4 hari', '5'),
(365, 'PT. Bridgstone Sumatera Rubber Estate', 'Saringan', 'Serbelawan', '2012-04-30', '2012-05-04', '4 hari', '5'),
(366, 'PT. Bridgstone Sumatera Rubber Estate', 'Saringan', 'Serbelawab', '2012-04-30', '2012-05-04', '4 hari', '5'),
(367, 'PT. Hutama Karya', 'Stainles Steel Plat', 'Medan', '2012-08-09', '2012-08-16', '5 hari', '5'),
(368, 'PT. Hutama Karya', 'Stainles Steel Pipa', 'Medan', '2012-08-09', '2012-08-16', '5 hari', '5'),
(369, 'M. Taufik Akhyar', 'Aluminium', 'Jl. Seksama Medan', '2012-08-08', '2012-08-15', '5 hari', '5'),
(370, 'PT. Hutama Karya', 'Stainles Steel Profile', 'Medan', '2012-07-18', '2012-07-24', '4 hari', '5'),
(371, 'PT. Hutama Karya', 'Stainles Steel Pipa', 'Medan', '2012-07-18', '2012-07-24', '4 hari', '5'),
(372, 'PT. Hutama Karya', 'Stainles Steel Pipa', 'Medan', '2012-07-18', '2012-07-24', '4 hari', '5'),
(373, 'PT. Hutama Karya', 'Stainles Steel Profile', 'Medan', '2012-07-18', '2012-07-24', '4 hari', '5'),
(374, 'Jayabi Oksigen', 'Expandle Rin', 'Jl. Linkar Selatan 1 Jambi', '2012-06-25', '2012-07-17', '15 hari', '5'),
(375, 'Jayabi Oksigen', 'Expandle Ring', 'Jl. Lingkar Selatan 1 Jambi', '2012-06-25', '2012-07-17', '15 hari', '5'),
(376, 'Pabrik Mesin Tenera (PMT)', 'Baja', 'Dolok Hilir Serbelawan', '2012-06-20', '2012-06-27', '5 hari', '5'),
(377, 'Pabrik Mesin Tenera (PTM)', 'Baja', 'Dolok Hilir Serbelawan', '2012-06-20', '2012-06-27', '5 hari', '5'),
(378, 'Pabrik Mesin Tenera (PMT)', 'Baja', 'Dolok Hilir Serbelawan', '2012-06-20', '2012-06-27', '5 hari', '5'),
(379, 'Pabrik Mesin Tenera (PMT)', 'Baja', 'Dolok Hilir Serbelawan', '2012-06-20', '2012-06-27', '5 hari', '5'),
(380, 'PT. Bridgstone Sumatera Rubber Estate', 'Saringan', 'Serbelawan', '2012-04-30', '2012-05-04', '4 hari', '5'),
(381, 'PT. Bridgstone Sumatera Rubber Estate', 'Saringan', 'Serbelawan', '2012-04-30', '2012-05-04', '4 hari', '5'),
(382, 'PT. Bridgstone Sumatera Rubber Estate', 'Saringan', 'Serbelawan', '2012-04-30', '2012-05-04', '4 hari', '5'),
(383, 'PT. Bridgstone Sumatera Rubber Estate', 'Saringan', 'Serbelawan', '2012-04-30', '2012-05-04', '4 hari', '5'),
(384, 'PT. Bridgstone Sumatera Rubber Estate', 'Saringan', 'Serbelawan', '2012-04-30', '2012-05-04', '4 hari', '5'),
(385, 'PT. Bridgstone Sumatera Rubber Estate', 'Saringan', 'Serbelawan', '2012-04-30', '2012-05-04', '4 hari', '5'),
(386, 'PT. Bridgstone Sumatera Rubber Estate', 'Saringan', 'Serbelawan', '2012-04-30', '2012-05-04', '4 hari', '5'),
(387, 'PT. Bridgstone Sumatera Rubber Estate', 'Saringan', 'Serbelawan', '2012-04-30', '2012-05-04', '4 hari', '5'),
(388, 'PT. Bridgstone Sumatera Rubber Estate', 'Saringan', 'Serbelawan', '2012-04-30', '2012-05-04', '4 hari', '5'),
(389, 'PT. Hutama Karya', 'Stainles Steel', 'Medan', '2012-05-03', '2012-05-09', '3 hari', '5'),
(390, 'PT. Hutama Karya', 'Stainles Steel', 'Medan', '2012-05-03', '2012-05-09', '3 hari', '5'),
(391, 'PT. Hutama Karya', 'Stainles Steel', 'Medan', '2012-05-03', '2012-05-09', '3 hari', '5'),
(392, 'PT. Jaya Beton Indonesia', 'Pc Steel Bar', 'Jl. Pasar Nipon Paya Pasir Medan', '2012-05-04', '2012-05-11', '5 hari', '5'),
(393, 'PT. Jaya Beton Indonesia', 'Pc Steel Bar', 'Jl. Pasar Nipon Paya Pasir Medan', '2012-05-04', '2012-05-11', '2 hari', '5'),
(394, 'PT. ABC', 'Rod Diameter 25 mm', 'Jl. T. Balai No. 2A Sunggal Medan', '2012-06-13', '2012-06-14', '2 hari', '5'),
(395, 'PT. ABC', 'Rod Diameter 25 mm', 'Jl. T.Balai No. 2A Sunggal Medan', '2012-06-13', '2012-06-14', '2 hari', '5'),
(396, 'PT. Hutama Karya', 'Angkur Baja', 'Medan', '2012-06-13', '2012-06-14', '2 hari', '5'),
(397, 'Pabrik Mesin Tenera (PMT)', 'Baja', 'Dolok Hilir Serbelawan', '2012-06-20', '2012-06-27', '5 hari', '5'),
(398, 'Pabrik Mesin Tenera (PMT)', 'Baja', 'Dolok Hilir Serbelawan', '2012-06-20', '2012-06-27', '5 hari', '5'),
(399, 'PT. Mega Royal', 'Pressure Gauge', 'Jln. Thamrin No. 8', '2012-01-09', '2012-01-13', '4 hari', '6'),
(400, 'PT. Mega Royal', 'Pressure Gauge', 'Jln. Thamrin No. 8', '2012-01-09', '2012-01-13', '4 hari', '6'),
(401, 'PT. Mega Royal', 'Pressure Gauge', 'Jln. Thamrin No. 8', '2012-01-09', '2012-01-13', '4 hari', '6'),
(402, 'PT. Mega Royal', 'Pressure Gauge', 'Jln. Thamrin No. 8', '2012-01-09', '2012-01-13', '4 hari', '6'),
(403, 'PT. Mega Royal', 'Pressure Gauge', 'Jln. Thamrin No. 8', '2012-01-09', '2012-01-13', '4 hari', '6'),
(404, 'PT. Mega Royal', 'Pressure Gauge', 'Jln. Thamrin No. 8', '2012-01-09', '2012-01-13', '4 hari', '6'),
(405, 'PT. Universal Gloves', 'pH Meter', 'Jln. Pertahanan 17', '2012-01-11', '2012-01-19', '6 hari', '6'),
(406, 'PT. Universal Gloves', 'Circular Oven', 'Jln. Pertahanan 17', '2012-01-11', '2012-01-19', '6 hari', '6'),
(407, 'PT. Universal Gloves', 'Analytical Balance', 'Jln. Pertahanan 17', '2012-01-11', '2012-01-19', '6 hari', '6'),
(408, 'PT. Universal Gloves', 'Thicness Gauge', 'Jln. Pertahanan 17', '2012-01-11', '2012-01-19', '6 hari', '6'),
(409, 'PT. Universal Gloves', 'Tensile Strength', 'Jln. Pertahanan 17 ', '2012-01-11', '2012-01-19', '6 hari', '6'),
(410, 'PT. Universal Gloves', 'Tensile Strength', 'Jln. Pertahanan 17', '2012-01-11', '2012-01-19', '6 hari', '6'),
(411, 'PT. Universal Gloves', 'Termometer Gauge', 'Jln. Pertahanan 17', '2012-01-11', '2012-01-19', '6 hari', '6'),
(412, 'PT. Universal Gloves', 'Rool Meter', 'Jln. Pertahanan 17', '2012-01-11', '2012-01-19', '6 hari', '6'),
(413, 'PT. Universal Gloves', 'Mechanical Stability Test', 'Jln. Pertahanan 17', '2012-01-11', '2012-01-19', '6 hari', '6'),
(414, 'PT. Universal Gloves', 'Minitherm', 'Jln. Pertahanan 17', '2012-01-11', '2012-01-19', '6 hari', '6'),
(415, 'PT. Latexindo Toba Perkasa', 'Thicness Gauge', 'Jl. Raya Binjai Km 11', '2012-01-12', '2012-01-20', '6 hari', '6'),
(416, 'PT. Latexindo Toba Perkasa', 'Analytical Balance', 'Jl. Raya Binjai Km 11', '2012-01-12', '2012-01-20', '6 hari', '6'),
(417, 'PT. Latexindo Toba Perkasa', 'Gelas Ukur', 'Jl. Raya Binjai Km 11', '2012-01-12', '2012-01-20', '6 hari', '6'),
(418, 'PT. Latexindo Toba Perkasa', 'Roll Meter', 'Jl. Raya Binjai Km 11', '2012-01-12', '2012-01-20', '6 hari', '6'),
(419, 'PT. Latexindo Toba Perkasa', 'pH Meter', 'Jl. Raya Binjai Km 11', '2012-01-12', '2012-01-20', '6 hari', '6'),
(420, 'PT. Latexindo Toba Perkasa', 'Termometer Laser', 'Jl. Raya Binjai Km 11', '2012-01-12', '2012-01-20', '6 hari', '6'),
(421, 'PT. Latexindo Toba Perkasa', 'Mechanical Stability Test', 'Jl. Raya Binjai Km 11', '2012-01-12', '2012-01-20', '6 hari', '6'),
(422, 'PT. Latexindo Toba Perkasa', 'Termometer Gauge', 'Jl. Raya Binjai Km 11', '2012-01-12', '2012-01-20', '6 hari', '6'),
(423, 'PT. Latexindo Toba Perkasa', 'Oven', 'Jl. Raya Binjai Km 11', '2012-01-12', '2012-01-20', '6 hari', '6'),
(424, 'PT. Latexindo Toba Perkasa', 'Tensile Strength', 'Jl. Raya Binjai Km 11', '2012-01-12', '2012-01-20', '6 hari', '6'),
(425, 'PT. Universal Indofood Product', 'Termometer Tusuk', 'Jl. KL. Yos Sudarso Km 17,3 Medan', '2012-01-16', '2012-01-25', '6 hari', '6'),
(426, 'PT. Universal Indofood Product', 'Termometer Laser', 'Jl. KL. Yos Sudarso Km 17,3 Medan', '2012-01-16', '2012-01-25', '6 hari', '6'),
(427, 'PT. Universal Indofood Product', 'Termometer', 'Jl. KL. Yos Sudarso Km 17,3 Medan', '2012-01-16', '2012-01-25', '6 hari', '6'),
(428, 'PT. Universal Indofood Product', 'Termometer Tususk', 'Jl. KL. Yos Sudarso Km 17,3 Medan', '2012-01-16', '2012-01-25', '6 hari', '6'),
(429, 'PT. Universal Indofood Product', 'Vernier Caliper', 'Jl. KL. Yos Sudarso Km 17,3 Medan', '2012-01-16', '2012-01-25', '6 hari', '6'),
(430, 'PT. Universal Indofood Product', 'Vernier Caliper', 'Jl. KL. Yos Sudarso Km 17,3 Medan', '2012-01-16', '2012-01-25', '6 hari', '6'),
(431, 'PT. Universal Indofood Product', 'Moisture Analyzer', 'Jl. KL. Yos Sudarso Km 17,3 Medan', '2012-01-16', '2012-01-25', '6 hari', '6'),
(432, 'PT. Mega Royal Utama', 'Mesin Foam (Press 2)', 'Jl. Pasar Dusun VIII Purwodadi Sunggal', '2012-01-18', '0000-00-00', '5 hari', '6'),
(433, 'PT. Mega Royal Utama', 'Mesin Blow I', 'Jl. Pasar Dusun VIII Purwodadi Sunggal', '2012-01-18', '2012-01-26', '5 hari', '6'),
(434, 'PT. Mega Royal Utama', 'Mesin Injection (u)', 'Jl. Pasar Dusun VIII Purwodadi Sunggal', '2012-01-18', '2012-01-26', '5 hari', '6'),
(435, 'PT. Mega Royal Utama', 'Mesin Injection (x)', 'Jl. Pasar Dusun VIII Purwodadi Sunggal', '2012-01-18', '2012-01-26', '5 hari', '6'),
(436, 'PT. Mega Royal Utama', 'Injection Type', 'Jl. Pasar Dusun VIII Purwodadi Sunggal', '2012-01-18', '2012-01-26', '5 hari', '6'),
(437, 'PT. Mega Royal Utama', 'Injection type', 'Jl. Pasar Dusun VIII Purwodadi Sunggal', '2012-01-18', '2012-01-26', '5 hari', '6'),
(438, 'PT. Mega Royal Utama', 'Timbangan Mekanik', 'Jl. Pasar Dusun VIII Purwodadi Sunggal', '2012-01-18', '2012-01-26', '5 hari', '6'),
(439, 'PT. Mega Royal Utama', 'Timbangan Digital', 'Jl. Pasar Dusun VIII Purwodadi Sunggal', '2012-01-18', '2012-01-26', '5 hari', '6'),
(440, 'PT. Mega Royal Utama', 'Timbangan Digital', 'Jl. Pasar Dusun VIII Purwodadi Sunggal', '2012-01-18', '2012-01-26', '5 hari', '6'),
(441, 'PT. Mega Royal Utama', 'Timbangan Digital', 'Jl. Pasar Dusun VIII Purwodadi Sunggal', '2012-01-18', '2012-01-26', '5 hari', '6');
INSERT INTO `daftar` (`no`, `nama_perusahaan`, `jenis_contoh`, `alamat`, `tgl_masuk`, `tgl_selesai`, `std_pelayanan`, `id_database`) VALUES
(442, 'PT. Mega Royal Utama', 'Analytical Balance', 'Jl. Pasar Dusun VIII Purwodadi Sunggal', '2012-01-25', '2012-01-31', '4 hari', '6'),
(443, 'PT. Mega Royal Utama', 'pH Meter', 'Jl. Pasar Dusun VIII Purwodadi Sunggal', '2012-01-25', '2012-01-31', '4 hari', '6'),
(444, 'PT. Mega Royal Utama', 'pH Meter', 'Jl. Pasar Dusun VIII Purwodadi Sunggal', '2012-01-25', '2012-01-31', '4 hari', '6'),
(445, 'PT. Utama Inti Hasil Kimia Industri', 'TDS Meter', 'Jl. Medan Binjai Km. 12 Kompos Sunggal', '2012-01-25', '2012-01-31', '4 hari', '6'),
(446, 'PT. Utama Inti Hasil Kimia Industri', 'Buret', 'Jl. Medan Binjai Km. 12 Kompos Sunggal', '2012-01-25', '2012-01-31', '4 hari', '6'),
(447, 'PT. Utama Inti Hasil Kimia Industri', 'Buret', 'Jl. Medan Binjai Km. 12 Kompos Sunggal', '2012-01-25', '2012-01-31', '4 hari', '6'),
(448, 'PT. Utama Inti Hasil Kimia Industri', 'Furnace', 'Jl. Medan Binjai Km. 12 Kompos Sunggal', '2012-01-26', '2012-01-31', '3 hari', '6'),
(449, 'PT. Utama Inti Hasil Kimia Industri', 'Furnace', 'Jl. Medan Binjai Km 12 Kompos Sunggal', '2012-01-26', '2012-01-31', '3 hari', '6'),
(450, 'PT. Utama Inti Hasil Kimia Industri', 'Oven', 'Jl. Medan Binjai Km 12 Kompos Sunggal', '2012-01-26', '2012-01-31', '3 hari', '6'),
(451, 'PT. Utama Inti Hasil Kimia Industri', 'Preser Gauge', 'Jl. Medan Binjai Km 12 Kompos Sunggal', '2012-01-26', '2012-01-31', '3 hari', '6'),
(452, 'PT. Wijaya Karya Beton', 'Digital Presser Transmeter', 'Jl. Raya Binjai Km. 15,5 Diski Medan', '2012-01-26', '2012-01-31', '3 hari', '6'),
(453, 'PT. Wijaya katya Beton', 'Triple Bean Balance', 'Jl. Raya Binjai Km. 15,5 Diski Medan', '2012-01-26', '2012-01-31', '3 hari', '6'),
(454, 'PT. Wijaya Karya Beton', 'Electronic Balance', 'Jl. Raya Binjai Km. 15,5 Diski Medan', '2012-01-26', '2012-01-31', '3 hari', '6'),
(455, 'PT. Everbright Battery Factory', 'Digmatic Depth Gauge', 'Jl. Medan Binjai Km 9,2 ', '2012-01-26', '2012-01-31', '3 hari', '6'),
(456, 'PT. Barata', 'Pressure gauge', 'Jl. Medan Binjai Km 7,2 No. 273 Medan', '2012-01-31', '2012-01-31', '0 hari', '6'),
(655, 'asasas', 'asasas', 'asasas', '2013-01-18', '2013-01-19', '2 hari', ''),
(458, 'PT. Bintang Harapan Mulia', 'Pressure gaug', 'Jl. Asia No. 258 Medan', '2012-02-14', '2012-02-14', '0 hari', '6'),
(459, 'PT. Bintang Harapan Mulia', 'Dial Indikator', 'Jl. Asia No. 258 Medan', '2012-02-14', '2012-02-14', '0 hari', '6'),
(460, 'PT. Bintang Harapan Mulia', 'Dial Indikator', 'Jl. Asia No. 258 Medan', '2012-02-14', '2012-02-14', '0 hari', '6'),
(461, 'PT. Bintang Harapan Mulia', 'Dial Indikator', 'Jl. Asia No. 258 Medan', '2012-02-14', '2012-02-14', '0 hari', '6'),
(462, 'PT. Bintang Harapan Mulia', 'Dial Indikator', 'Jl. Asia No. 258 Medan', '2012-02-14', '2012-02-14', '0 hari', '6'),
(463, 'PT. Bintang Harapan Mulia', 'Dial Indikator', 'Jl. Asia No. 258 Medan', '2012-02-14', '2012-02-14', '0 hari', '6'),
(464, 'PT. Bintang Harapan Mulia', 'Dial Indikator', 'Jl. Asia No. 258 Medan', '2012-02-14', '2012-02-14', '0 hari', '6'),
(465, 'PT. Bintang Harapan Mulia', 'Dial Indikator', 'Jl. Asia No. 258 Medan', '2012-02-14', '2012-02-14', '0 hari', '6'),
(466, 'Puskesmas Penyabungan Jae', 'Weighing Scale', 'Kec Penyabungan', '2012-02-15', '2012-02-17', '2 hari', '6'),
(467, 'Puskesmas Penyabungan Jae', 'Weighing Scale', 'Kec Penyabungan', '2012-02-15', '2012-02-17', '2 hari', '6'),
(468, 'Puskesmas Penyabungan jae', 'Weighing Scale', 'Kec. Penyabungan', '2012-02-15', '2012-02-17', '2 hari', '6'),
(469, 'Puskesmas Sambas', 'Weighing Scale', 'Sibolga', '2012-02-15', '2012-02-17', '2 hari', '6'),
(470, 'PT. Surveyor Indonesia', 'Surfur', 'Jln. D.I. Panjaitan No. 05 Medan', '2012-01-05', '2012-01-10', '3 hari', '7'),
(471, 'Komite Nasional Garam Propsu', 'Garam Bahan Baku', 'Jln. P. Diponegoro No. 30 A Medan', '2012-01-17', '2012-01-27', '7 hari', '7'),
(472, 'Komite Nasional Garam Propsu', 'Garam Bahan Baku', 'Jln. P. Diponegoro No. 30 A Medan', '2012-01-17', '2012-01-27', '7 hari', '7'),
(473, 'Komite Nasional Garam Propsu', 'Garam Bahan Baku', 'Jln. P. Diponegoro No. 30 A Medan', '2012-01-17', '2012-01-27', '7 hari', '7'),
(474, 'PT. Surveyor Indonesia', 'Surfur', 'Jln. D.I. Panjaitan No. 05 Medan', '2012-01-25', '2012-01-27', '2 hari', '7'),
(475, 'Andrew Young', 'Minuman Ringan', 'Kawasan Industri Medan-II Mabar', '2012-01-27', '2012-02-03', '5 hari', '7'),
(476, 'Andrew Young', 'Saos Cabe', 'Kawasan Industri Medan-II Mabar', '2012-01-27', '2012-02-03', '5 hari', '7'),
(477, 'PT. Sari Murni Pratama', 'Tepung Magnesium ', 'Jln. Mesjid Sj Rejeki No. 33 Payageli Deli Serdang', '2012-02-01', '2012-02-01', '6 hari', '7'),
(478, 'PT. Sumber Segar Persada ', 'Minuman Beralkohol Gol. B', 'Jln. Kebun Sayur Tj. Morawa Medan', '2012-02-02', '2012-02-10', '6 hari', '7'),
(479, 'PT. Sumber Segar Persada', 'Minuman Beralkohol Gol. B', 'Jln. Kebun Sayur Tj. Morawa Medan', '2012-02-02', '2012-02-10', '6 hari', '7'),
(480, 'Komite Nasional Garam Propsu', 'Garam Bahan Baku', 'Jln. P. Diponegoro No. 30 A Medan', '2012-02-08', '2012-02-09', '1 hari', '7'),
(481, 'U.D. Jangkar Waja', 'Garam Beryodium', 'Jln. Rumah Potong Hewan No. 31 Mabar Medan', '2012-02-14', '2012-02-14', '1 hari', '7'),
(482, 'U.D. Jamu Duta Sehat', 'Jamu Serbuk', 'Dusun Pasak Lama Desa Lalang Batu Bara', '2012-03-05', '2012-03-14', '8 hari', '7'),
(483, 'U.D. Jamu Duta Sehat', 'Jamu Serbuk', 'Dusun Pasak Lama Desa Lalang Batu Bara', '2012-03-05', '2012-03-14', '8 hari', '7'),
(484, 'Industri Kecil Obat Tradisional Herbal Sari', 'Minuman Sehat Herbal', 'Jln. Jerango Lk II T.Tinggi Sumut', '2012-03-15', '2012-03-26', '6 hari', '7'),
(485, 'Komite Nasional Garam Propsu', 'Garam Bahan Baku', 'Jln. P. Diponegoro No. 30 A Medan', '2012-03-14', '2012-03-26', '5 hari', '7'),
(486, 'Komite Nasional Garam Propsu', 'Garam Bahan Baku', 'Jln. P. Diponegoro No. 30 A Medan', '2012-03-14', '2012-03-26', '5 hari', '7'),
(487, 'Komite Nasional Garam Propsu', 'Garam Bahan Baku', 'Jln. P. Diponegoro No. 30 A Medan', '2012-03-21', '2012-03-29', '5 hari', '7'),
(488, 'PT. Infoking Aneka Aga-Agar industri', 'Agar-Agar', 'Jln. Inpres Tj. Gusta Kec. Sunggal DS', '2012-03-21', '2012-03-29', '5 hari', '7'),
(489, 'PT. Cocoa Ventures Indonesia', 'Cocoa Cake', 'Jln. P. Nusa Burung No. 1 KIM I Mabar Medan', '2012-03-22', '2012-04-02', '6 hari', '7'),
(490, 'PT. Cocoa Ventures Indonesia', 'Cocoa Cake', 'Jln. P. Nusa Burung No. 1 KIM I Mabar Medan', '2012-03-22', '2012-04-02', '6 hari', '7'),
(491, 'PT. Cocoa Ventures Indonesia', 'Cocoa Cake', 'Jln. P. Nusa Burung No. 1 KIM I Mabar Medan', '2012-03-22', '2012-04-02', '6 hari', '7'),
(492, 'PT. Cocoa Ventures Indonesia', 'Cocoa Cake', 'Jln. P. Nusa Burung No. 1 KIM I Mabar Medan', '2012-03-22', '2012-04-02', '6 hari', '7'),
(493, 'PT. Cocoa Ventures Indonesia', 'Cocoa Cake', 'Jln. P. Nusa Burung No. 1 KIM I Mabar Medan', '2012-03-22', '2012-04-02', '6 hari', '7'),
(494, 'PT. Cocoa Ventures Indonesia', 'Cocoa Cake', 'Jln. P. Nusa Burung No. 1 KIM I Mabar Medan', '2012-03-22', '2012-04-02', '6 hari', '7'),
(495, 'PT. Cocoa Ventures Indonesia', 'Cocoa Cake', 'Jln. P. Nusa Burung No. 1 KIM I Mabar Medan', '2012-03-22', '2012-04-22', '6 hari', '7'),
(496, 'PT. Cocoa Ventures Indonesia', 'Cocoa Cake', 'Jln. P. Nusa Burung No. 1 KIM I Mabar Medan', '2012-03-22', '2012-04-02', '6 hari', '7'),
(497, 'PT. Cocoa Ventures Indonesia', 'Powder 60%', 'Jln. P. Nusa Burung No. 1 KIM I Mabar Medan', '2012-03-22', '2012-04-02', '6 hari', '7'),
(498, 'PT. Cocoa Ventures Indonesia', 'Powder 180%', 'Jln. P. Nusa Burung No. 1 KIM I Mabar Medan', '2012-03-22', '2012-04-02', '6  hari', '7'),
(499, 'Komite Nasional Garam Propsu', 'Garam Beryodium', 'Jln. P. Diponegoro No. 30 A Medan', '2012-04-03', '2012-04-10', '4 hari', '7'),
(500, 'Komite Nasional Garam Propsu', 'Garam Beryodium', 'Jln. P. Diponegoro No. 30 A Medan', '2012-04-03', '2012-04-10', '4 hari', '7'),
(501, 'Komite Nasional Garam Propsu', 'Garam Beryodium', 'Jln, P, Diponegoro No. 30 A Medan', '2012-04-03', '2012-04-10', '4 hari', '7'),
(502, 'Komite Nasional Garam Propsu', 'Pupuk NPK', 'Jln. Kol. Yos Sudarso Ling.IV No. 57 MD', '2012-04-03', '2012-04-04', '1 hari', '7'),
(503, 'PT. Gunung Mas', 'Mie', 'Desa Bangun Sari Kec. Tjng. Morawa', '2012-04-05', '2012-04-11', '3 hari', '7'),
(504, 'PT. Gunung Mas', 'Mie', 'Desa Bangun Sari Kec. Tjng. Morawa', '2012-04-05', '2012-04-11', '3 hari', '7'),
(505, 'PT. Gunung Mas', 'Mie', 'Desa Bangun Sari Kec. Tjng. Morawa', '2012-04-05', '2012-04-11', '3 hari', '7'),
(506, 'PT. Cocoa Ventures Indonesia', 'Cocoa Cake', 'Jln. P.Nusa Burung No.1 KIM I Mabar Medan', '2012-04-10', '2012-04-19', '8 hari', '7'),
(507, 'PT. Busur Inti Indo Panah', 'Kecap Kental', 'Jln. Rasberi No. 18 Brahrang Binjai', '2012-04-11', '2012-04-19', '7 hari', '7'),
(508, 'PT. Busur Inti Indo Panah', 'Kecap Kental', 'Jln.Rasberi  No. 18 Brahrang Binjai', '2012-04-11', '2012-04-19', '7 hari', '7'),
(509, 'PT. Busur Inti Indo Panah', 'Kecap Kental', 'Jln.Rasberi  No. 18 Brahrang Binjai', '2012-04-11', '2012-04-19', '7 hari', '7'),
(510, 'PT. Busur Inti Indo Panah', 'Kecap Kental', 'Jln.Rasberi  No. 18 Brahrang Binjai', '2012-04-11', '2012-04-19', '7 hari', '7'),
(511, 'PT.Coca Ventures Indonesia ', 'Cocoa Cake', 'Jln.Medan Belawan KM.10,5 KIM', '2012-04-12', '2012-04-19', '7 hari', '7'),
(512, 'PT. Putra Indo Mandiri Sejahtera', 'Yoghurt', 'Ds. Sempaya Kec.Berastagi Kab.Karo', '2012-04-12', '2012-04-24', '8 hari', '7'),
(513, 'PT. Putra Indo Mandiri Sejahtera', 'Yoghurt', 'Ds. Sempaya Kec.Berastagi Kab.Karo', '2012-04-12', '2012-04-24', '8 hari', '7'),
(514, 'PT. Putra Indo Mandiri Sejahtera', 'Yoghurt', 'Ds. Sempaya Kec.Berastagi Kab.Karo', '2012-04-12', '2012-04-24', '8 hari', '7'),
(515, 'Robiani Siregar', 'Batu-batuan', 'Desa Pagaran Tonga kec.pdg Bolak Kab Paluta.', '2012-04-16', '2012-04-20', '4 hari', '7'),
(516, 'Dinas Perindustrian Prop.SU', 'Air Minum Dalam Kemasan', 'Jln.Putri Hijau No.06 Medan', '2012-04-16', '2012-04-20', '4 hari', '7'),
(517, 'Komite Nasional Garam Propsu', 'Garam Bahan Baku', 'Jln. P. Diponegoro No. 30 A Medan', '2012-04-16', '2012-04-20', '4 hari', '7'),
(518, 'Komite Nasional Garam Propsu', 'Garam Bahan Baku', 'Jln. P. Diponegoro No. 30 A Medan', '2012-04-16', '2012-04-20', '4 hari', '7'),
(519, 'PT. Multi Cargo Inspection', 'Zine Sulphate Heptahy drate', 'Jln. Kapten R.Sultan no 15 B Belawan', '2012-04-17', '2012-04-24', '5 hari', '7'),
(520, 'PT. Multi Cargo Inspection', 'Zine Sulphate Heptahy drate', 'Jln. Kapten R.Sultan no 15 B Belawan', '2012-04-17', '2012-04-24', '5 hari', '7'),
(521, 'RIA SARI', 'Bahan Tambahan Pangan', 'Jln.Negara No.43 Medan', '2012-04-20', '2012-05-01', '7 hari', '7'),
(522, 'RIA SARI', 'Bahan Tambahan Pangan', 'Jln.Negara No.43 Medan', '2012-04-20', '2012-05-01', '7 hari', '7'),
(523, 'RIA SARI', 'Bahan Tambahan Pangan', 'Jln.Negara No.43 Medan', '2012-04-20', '2012-05-01', '7 hari', '7'),
(524, 'RIA SARI', 'Bahan Tambahan Pangan', 'Jln.Negara No.43 Medan', '2012-04-20', '2012-05-01', '7 hari', '7'),
(525, 'RIA SARI', 'Bahan Tambahan Pangan', 'Jln.Negara No.43 Medan', '2012-04-20', '2012-05-01', '7 hari', '7'),
(526, 'Komite Nasional Garam Propsu', 'Garam Bahan Baku', 'Jln. Diponegoro No. 30 A Medan', '2012-04-23', '2012-04-27', '4 hari', '7'),
(527, 'Komite Nasional Garam Propsu', 'Garam Bahan Baku', 'Jln. Diponegoro No. 30 A Medan', '2012-04-23', '2012-04-27', '4 hari', '7'),
(528, 'PT.Aneka Inti Bumi, Kpg Gelan RT.018', 'Minuman Beralkohol Gol B', 'Ds. Belimbing Kec.Kesambi Kab. Tangerang', '2012-05-04', '2012-05-10', '4 hari', '7'),
(529, 'PT.Aneka Inti Bumi, Kpg Gelan RT.018', 'Minuman Beralkohol Gol B', 'Ds. Belimbing kec. Kesambi Kab. Tangerang', '2012-05-04', '2012-05-10', '4 hari', '7'),
(530, 'Komite Nasional Garam Propsu', 'Garam Bahan Baku', 'Jln. Diponegoro No. 30 A Medan', '2012-05-04', '2012-05-10', '4 hari', '7'),
(531, 'Komite Nasional Garam Propsu', 'Garam Bahan Baku', 'Jln. Diponegoro No. 30 A Medan', '2012-05-04', '2012-05-10', '4 hari', '7'),
(532, 'Golden Weis Coffee', 'Kopi Bubuk', 'Jln. Karya Rakyat 33-A Kel Sei Agul', '2012-05-08', '2012-05-18', '7 hari', '7'),
(533, 'PT. Menacom', 'Kopi Bubuk', 'Jln Turi No.22-24 Medan', '2012-05-08', '2012-05-18', '7 hari', '7'),
(534, 'PT. Asia Bina Semesta Abadi', 'Minuman RIngan', 'Jln. Pulau Pinang KIM II Percut Sei Tuan', '2012-05-09', '2012-05-16', '5 hari', '7'),
(535, 'PT. Medan Juta Rasa', 'Minuman Beralkohol Gol.B', 'Jln.Wahidin No.172/28 Medan', '2012-05-23', '2012-06-01', '7 hari', '7'),
(536, 'PT. Medan Juta Rasa', 'Minuman Beralkohol Gol.B', 'Jln.Wahidin No.172/28 Medan', '2012-05-23', '2012-06-01', '7 hari', '7'),
(537, 'PT. Laurence & Sons Argo Ferentry', 'Kopi Bubuk', 'Jln. Uskup Agung No.15 Medan', '2012-05-30', '2012-06-08', '6 hari', '7'),
(538, 'Kilang Minyak Pelita', 'Minyak Goreng Kelapa', 'Jln. Besar Teluk Nibung Km.$ Ds.Merbau Tj.Balai', '2012-05-31', '2012-06-08', '6 hari', '7'),
(539, 'UD Sumber Nelayan', 'Terasi', 'Desa Tuasa Kec.Air Bening Asahan', '2012-05-31', '2012-06-08', '6 hari', '7'),
(540, 'CV. Tunas Mulia', 'Kopi Bubuk', 'Jln.Garuda No.39 B Sei Sekambing Medan', '2012-06-07', '2012-06-12', '3 hari', '7'),
(541, 'Komite Nasional Garam Propsu', 'Garam Bahan Baku', 'Jln. Diponegoro No. 30 A Medan', '2012-06-08', '2012-06-15', '5 hari', '7'),
(542, 'Komite Nasional Garam Propsu', 'Garam Bahan Baku', 'Jln. Diponegoro No. 30 A Medan', '2012-06-08', '2012-06-15', '5 hari', '7'),
(543, 'UD. Samudra Sambas', 'Garam Bahan Baku', 'Desa Sampali Kec.Percut Sei Tuan Kab.DS', '2012-06-08', '2012-06-15', '5 hari', '7'),
(544, 'UD. Samudra Sambas', 'Garam Beryodium', 'Desa Sampali Kec.Percut Sei Tuan Kab.DS', '2012-06-08', '2012-06-15', '5 hari', '7'),
(545, 'Rapotan Hasibuan Mhs USU Medan', 'Minyak Goreng', 'Jln.Harmonika no.36 Medan', '2012-06-18', '2012-07-06', '14 hari', '7'),
(546, 'Rapotan Hasibuan Mhs USU Medan', 'Minyak Goreng', 'Jln.Harmonika no.36 Medan', '2012-06-18', '2012-07-06', '14 hari', '7'),
(547, 'Rapotan Hasibuan Mhs USU Medan', 'Minyak Goreng', 'Jln.Harmonika no.36 Medan', '2012-06-18', '2012-07-06', '14 hari', '7'),
(548, 'Rapotan Hasibuan Mhs USU Medan', 'Minyak Goreng', 'Jln.Harmonika no.36 Medan', '2012-06-18', '2012-07-06', '14 hari', '7'),
(549, 'Rapotan Hasibuan Mhs USU Medan', 'Minyak Goreng', 'Jln.Harmonika no.36 Medan', '2012-06-18', '2012-07-06', '14 hari', '7'),
(550, 'Rapotan Hasibuan Mhs USU Medan', 'Minyak Goreng', 'Jln.Harmonika no.36 Medan', '2012-06-18', '2012-07-06', '14 hari', '7'),
(551, 'Rapotan Hasibuan Mhs USU Medan', 'Minyak Goreng', 'Jln.Harmonika no.36 Medan', '2012-06-18', '2012-07-06', '14 hari', '7'),
(552, 'Rapotan Hasibuan Mhs USU Medan', 'Minyak Goreng', 'Jln.Harmonika no.36 Medan', '2012-06-18', '2012-07-06', '14 hari', '7'),
(553, 'Rapotan Hasibuan Mhs USU Medan', 'Minyak Goreng', 'Jln.Harmonika no.36 Medan', '2012-06-18', '2012-07-06', '14 hari', '7'),
(554, 'Rapotan Hasibuan Mhs USU Medan', 'Minyak Goreng', 'Jln.Harmonika no.36 Medan', '2012-06-18', '2012-07-06', '14 hari', '7'),
(555, 'Mega Coffee', 'Kopi Bubuk', 'Jln. A.R.Hakim No.90 Kel Sukaramai medan', '2012-06-25', '2012-07-06', '9 hari', '7'),
(556, 'Fadila Water', 'Air Minum Isi Ulang', 'Jln. Batang Kuis Kab.Deli Serdang', '2012-06-27', '2012-07-06', '1 hari', '7'),
(557, 'PT.Pasific  Madan Industri', 'Cooking Oil', 'Jln.Pulau Nias Selatan KIM II Medan', '2012-06-28', '2012-07-10', '', '7'),
(558, 'PT. Utama Inti Hasil Kimia industri(Utaki)', 'Aluminium Sulfat Posphat', 'jln.Gandi No.78/8 Medan', '2012-06-28', '2012-07-10', '', '7'),
(559, 'Komite Nasional Garam PropSU', 'Garam Bahan Baku', 'Jln. Diponegoro no.30A Medan', '2012-07-04', '2012-07-16', '', '7'),
(560, 'Komite Nasional Garam Propsu', 'Garam Bahan Baku', 'Jl. D. Ponegoro no. 30 A Medan', '2012-07-04', '2012-07-16', '', '7'),
(561, 'Atlas Tata Surya', 'Bubuk teh', 'Komp.Villa Gading Mas Blok K No.1 Medan', '2012-07-06', '2012-07-16', '', '7'),
(562, 'PT. Petrokimia Gresik', 'Pupuk NPK', 'Jln. Glugur No. 31-32 Medan', '2012-07-25', '2012-07-31', '', '7'),
(563, 'Komite Nasional Garam Propsu', 'Garam Bahan Baku', 'Jl. D. Ponegoro no. 30 A Medan', '2012-07-25', '2012-06-30', '', '7'),
(564, 'Komite Nasional Garam Propsu', 'Garam Bahan Baku', 'Jln. P. Diponegoro No. 30 A Medan', '2012-07-25', '2012-06-30', '', '7'),
(565, 'Komite Nasional Garam Propsu', 'Garam Bahan Baku', 'Jln. P. Diponegoro No. 30 A Medan', '2012-07-25', '2012-06-30', '', '7'),
(566, 'Faisal Absany Siregar Mhs.USU.Medan', 'Air Limbah', 'Jln.Monginsidi II No.7 Medan', '2012-07-30', '2012-08-02', '', '7'),
(567, 'Faisal Absany Siregar Mhs.USU.Medan', 'Air Limbah', 'Jln.Monginsidi II No.7 Medan', '2012-07-30', '2012-08-02', '', '7'),
(568, 'Faisal Absany Siregar Mhs.USU.Medan', 'Air Limbah', 'Jln.Monginsidi II No.7 Medan', '2012-07-30', '2012-08-02', '', '7'),
(569, 'Faisal Absany Siregar Mhs.USU.Medan', 'Air Limbah', 'Jln.Monginsidi II No.7 Medan', '2012-07-30', '2012-08-02', '', '7'),
(570, 'Faisal Absany Siregar Mhs.USU.Medan', 'Air Limbah', 'Jln.Monginsidi II No.7 Medan', '2012-07-30', '2012-08-02', '', '7'),
(571, 'Faisal Absany Siregar Mhs.USU.Medan', 'Air Limbah', 'Jln.Monginsidi II No.7 Medan', '2012-07-30', '2012-08-02', '', '7'),
(572, 'Faisal Absany Siregar Mhs.USU.Medan', 'Air Limbah', 'Jln.Monginsidi II No.7 Medan', '2012-07-30', '2012-08-02', '', '7'),
(573, 'Faisal Absany Siregar Mhs.USU.Medan', 'Air Limbah', 'Jln.Monginsidi II No.7 Medan', '2012-07-30', '2012-08-02', '', '7'),
(574, 'Faisal Absany Siregar Mhs.USU.Medan', 'Air Limbah', 'Jln.Monginsidi II No.7 Medan', '2012-07-30', '2012-08-02', '', '7'),
(575, 'Dinas Perindustrian Perdagangan Prop.SU', 'Garam Beryodium', 'Jln. Putri Hijau No.06 Medan', '2012-08-02', '0000-00-00', '', '7'),
(576, 'Dinas Perindustrian Perdagangan Prop.SU', 'Garam Beryodium', 'Jln. Putri Hijau No.06 Medan', '2012-08-02', '0000-00-00', '', '7'),
(577, 'Dinas Perindustrian Perdagangan Prop.SU', 'Garam Beryodium', 'Jln. Putri Hijau No.06 Medan', '2012-08-02', '0000-00-00', '', '7'),
(578, 'PT. Bumi Sari Prima Indonesia', 'Tepung Tapioka', 'Jln.Raya T.Tinggi Km,7 Siantar Martoba', '2012-08-02', '0000-00-00', '', '7'),
(594, 'PT. Melasindo Alur Pratama', 'Alkohol 96%', 'Jln. K.L. Yos Sudarso No, 101 Medan', '2012-03-02', '0000-00-00', '', '8'),
(595, 'PT. Surveyor Indonesia', 'Sulfur', 'Jln. D.I. Panjaitan No. 05 Medan', '2012-05-01', '2012-10-01', '3 hari', '8'),
(596, 'Hendra Tampubolon NIM. 0650303040', 'Tanah', 'Mhs. Fak. Pertanian Jur. Ilmu Tanah USU Medan', '2012-09-01', '2012-01-13', '4 hari', '8'),
(597, 'Hendra Tampubolon NIM. 0650303040', 'Batu-Batuan', 'Mhs. Fak. Pertanian Jur. Ilmu Tanah USU Medan', '2012-09-01', '2012-01-13', '4 hari', '8'),
(598, 'PT. Ikaindo Industri Keramik Indonesia', 'Asam Nitrat', 'Jln. K.L. Yos Sudarso Km. 11,5 Medan', '2012-09-01', '2012-01-13', '4 hari', '8'),
(599, 'PT. Lindung Agung', 'Batu-Batuan', 'Subulus Salam B, Aceh', '2012-01-13', '2012-01-18', '3 hari', '8'),
(600, 'PT. Lindung Agung', 'Batu-Batuan', 'Subulus Salam B. Aceh', '2012-01-13', '2012-01-18', '3 hari', '8'),
(601, 'PT. Lindung Agung', 'Batu-Batuan', 'Subulus Salam B. Aceh', '2012-01-13', '2012-01-18', '3 hari', '8'),
(602, 'CV. Karya Mandiri', 'Pupuk Cair', 'Jln. Teratai No. 36 Medan', '2012-01-16', '2012-01-19', '3 hari', '8'),
(603, 'Nooksen Silitonga NIM. 080802057', 'Larutan', '-', '2012-01-18', '2012-01-20', '2 hari', '8'),
(604, 'Nooksen Silitonga NIM. 080802057', 'Larutan', '-', '2012-01-18', '2012-01-20', '2 hari', '8'),
(605, 'PT. Mejana Mulia', 'Batu-Batuan', 'Jln. Aluminium Raya No. 52 Medan', '2012-01-19', '2012-01-25', '3 hari', '8'),
(606, 'PT. Bejana Mulia', 'Batu-Batuan', 'Jln, Aluminium Raya No. 52 Medan', '2012-01-19', '2012-01-25', '3 hari', '8'),
(607, 'PT. Surveyor Indonesia', 'Sulfur', 'Jln. D.I. Panjaitan No. 05 Medan', '2012-01-25', '2012-01-27', '2 hari', '8'),
(608, 'PT. Dunia Kimia Jaya', 'Boraks', 'Jln. Pelita Jaya I Blok F No. 5 Medan', '2012-01-26', '2012-02-02', '5 hari', '8'),
(609, 'PT. Ikaindo Industri Keramik Indonesia', 'Asam Nitrat', 'Jln. K.L. Yos Sudarso No. 1,5 Medan', '2012-01-02', '2012-08-02', '5 hari', '8'),
(611, '18Direktorat Jenderal Bea dan Cukai/kanwil.SU', 'Alkohol (Etil Alkohol)', 'Jln. Anggada II Kotak Pos 1 Medan-Belawan', '2012-02-13', '0000-00-00', '', '8'),
(612, 'PT. Ikaindo Industri Karbonat Indonesia', 'Asam Nitrat', 'Jln. K.L.Yos Sudarso Km, 11,5 Medan', '2012-02-16', '2012-02-21', '3 hari', '8'),
(613, 'CV. Tani Subur Perkasa ', 'Pupuk NPK', 'Jawa Timur', '2012-07-02', '2012-03-14', '26 hari', '8'),
(614, 'CV. Kilang Mas Jatim Indonesia', 'Pupuk NPK', 'Jawa Timur', '2012-07-02', '2012-03-14', '26 hari', '8'),
(615, 'PT. Dasayega Inter Pratama', 'Batu-Batuan Pasir', '', '2012-07-02', '2012-03-14', '26 hari', '8'),
(616, 'PT. Ikaindo Industri Karbonik Indonesia', 'Asam Nitrat', 'Jln. Kol. Yos Sudarso Km. 11,5 Medan', '2012-03-15', '2012-03-22', '5 hari', '8'),
(617, 'PT, Subur Lestari Lastherich', 'Batu Kapur', 'Jln. Abadi No. 53 Medan', '2012-03-20', '2012-03-29', '6 hari', '8'),
(618, 'Dadang Supryyatra', 'Pupuk NPK', 'Jln. K.L. Yos Sudarso Langk. IV No. 57 Medan', '2012-03-30', '2012-04-04', '3 hari', '8'),
(619, 'PT. Maria Eka Putri', 'Pasir', 'Jln. Seser No. 32 Medan', '2012-03-04', '2012-09-04', '3 hari', '8'),
(620, 'PT. Maria Eka Putri', 'Pasir', 'Jln. Seser No. 32 Medan', '2012-03-04', '2012-09-04', '3 hari', '8'),
(621, 'PT. Swasta Tunggal Mandiri', 'Sodium Hypochlorida', 'Komp. Rajawali Blok IV No. 8 Sei Sikambing', '2012-10-04', '2012-04-13', '3 hari', '8'),
(622, 'Taty Habib Nasution', 'Pupuk NPK Pouska', 'Medan', '2012-04-13', '2012-04-20', '5 hari', '8'),
(623, 'Jonatan Tarigan', 'Ampas CPO', 'Jln, Abadi No. 5 Medan', '2012-04-13', '2012-04-20', '3 hari', '8'),
(624, 'Robiani Siregar', 'Batu-Batuan', 'Desa Pagoran Tonga Kec. Pdg Bolak Kab. Palas', '2012-04-17', '2012-04-20', '3 hari', '8'),
(625, 'PT. Ikaindo Industri Karbonik Indonesia', 'Asam Nitrat', 'Jln. K.L. Yos Sudarso Km. 11,5 Medan', '2012-04-27', '2012-01-05', '2 hari', '8'),
(626, 'CV. Karya Mandiri', 'Pupuk Cair', 'Jln. Teratai No. 36 Medan', '2012-04-30', '2012-04-05', '5 hari', '8'),
(627, 'Japar', 'Batu-Batuan', 'Lhokseumawe', '2012-04-30', '2012-03-05', '4 hari', '8'),
(628, 'PT. Bina Karya', 'Batu-Batuan', 'Medan', '2012-05-16', '2012-05-25', '7 hari', '8'),
(629, 'PT. Bina Karya', 'Batu-Batuan', 'Medan', '2012-05-16', '2012-05-25', '7 hari', '8'),
(630, 'PT. Bina Karya', 'Batu-Batuan', 'Jln. Brigjen Katamso Medan', '2012-05-16', '2012-05-25', '7 hari', '8'),
(631, 'PT. Indopac Control Service', 'Pupuk MOP', 'Jln. Brigjen Katamso Medan', '2012-06-11', '2012-06-18', '5 hari', '8'),
(632, 'Gustam Lubis', 'Batu-Batuan', 'Jln. Gedung Arca No. 52 (Kampus ITM) Medan', '2012-06-21', '2012-06-29', '6 hari', '8'),
(633, 'Gustam Lubis', 'Batu-Batuan', 'Jln. Gedung Arca No. 52 (Kampus ITM) Medan', '2012-06-21', '2012-06-29', '6 hari', '8'),
(634, 'Gustam Lubis', 'Batu-Batuan', 'Jln. Gedung Arca No. 52 (Kampus ITM) Medan', '2012-06-21', '2012-06-29', '6 hari', '8'),
(635, 'Gustam Lubis', 'Batu-Batuan', 'Jln. Gedung Arca No. 52 (Kampus ITM) Medan', '2012-06-21', '2012-06-29', '6 hari', '8'),
(636, 'Gustam Lubis', 'Batu-Batuan', 'Jln. Gedung Arca No. 52 (Kampus ITM) Medan', '2012-06-21', '2012-06-29', '6 hari', '8'),
(637, 'CV. Silica Mining', 'Clays', 'Jln. Nibung II No. 52 Medan', '2012-06-21', '2012-06-29', '6 hari', '8'),
(638, 'CV. Silica Mining', 'Clays', 'Jln. Nibung II No. 52 Medan', '2012-06-21', '2012-06-29', '7 hari', '8'),
(639, 'CV. Silica Mining', 'Clays', 'Jln. Nibung II No. 52 Medan', '2012-06-21', '2012-06-29', '7 hari', '8'),
(640, 'CV. Silica Mining', 'Clays', 'Jln. Nibung II No. 52 Medan', '2012-06-21', '2012-06-29', '7 hari', '8'),
(641, 'CV. Silica Mining', 'Clays', 'Jln. Nibung II No. 52 Medan', '2012-06-21', '2012-06-29', '7 hari', '8'),
(642, 'CV. Silica Mining', 'Clays', 'Jln. Nibung II No. 52 Medan', '2012-06-21', '2012-06-29', '7 hari', '8'),
(643, 'CV. Silica Mining', 'Clays', 'Jln. Nibung II No. 52 Medan', '2012-06-21', '2012-06-29', '7 hari', '8'),
(644, 'CV. Silica Mining', 'Clays', 'Jln. Nibung II No. 52 Medan', '2012-06-21', '2012-06-29', '7 hari', '8'),
(645, 'PT. Ikaindo Industri Karbonik Indonesia', 'Asam Nitrat', 'Jln. K.L. Yos Sudarso Km. 11,5 Medan', '2012-06-28', '2012-09-07', '7 hari', '8'),
(646, 'PT. Utaki (Utama Inti Hasil Kimia Industri)', 'Asam Sulfat', 'Jln. Gandhi No. 70/8 Medan', '2012-06-28', '2012-07-10', '7 hari', '8'),
(647, 'PT. Utaki (Utama Inti Hasil Kimia Industri)', 'Aluminium Sulfat', 'Jln. Gandhi No. 70/8 Medan', '2012-06-28', '2012-07-10', '7 hari', '8'),
(648, 'PT. Ikaindo Industri Karbonik Indonesia', 'Asam Nitrat', 'Jln. K.L. Yos Sudarso Km. 11,5 Medan', '2012-07-03', '2012-07-06', '7 hari', '8');

-- --------------------------------------------------------

--
-- Stand-in structure for view `daftar_permohonan`
--
CREATE TABLE IF NOT EXISTS `daftar_permohonan` (
`no` int(10)
,`nama_database` varchar(50)
,`nama_perusahaan` varchar(50)
,`jenis_contoh` varchar(50)
,`alamat` varchar(50)
,`tgl_masuk` date
,`tgl_selesai` date
,`std_pelayanan` varchar(50)
);
-- --------------------------------------------------------

--
-- Table structure for table `hak_akses`
--

CREATE TABLE IF NOT EXISTS `hak_akses` (
  `level` enum('admin','user') NOT NULL,
  `id_modul` int(10) NOT NULL
) ENGINE=MyISAM DEFAULT CHARSET=latin1;

--
-- Dumping data for table `hak_akses`
--

INSERT INTO `hak_akses` (`level`, `id_modul`) VALUES
('admin', 2),
('user', 3),
('admin', 4),
('user', 4);

-- --------------------------------------------------------

--
-- Table structure for table `jenis`
--

CREATE TABLE IF NOT EXISTS `jenis` (
  `id_database` int(11) NOT NULL AUTO_INCREMENT,
  `nama_database` varchar(50) NOT NULL,
  PRIMARY KEY (`id_database`)
) ENGINE=MyISAM  DEFAULT CHARSET=latin1 AUTO_INCREMENT=9 ;

--
-- Dumping data for table `jenis`
--

INSERT INTO `jenis` (`id_database`, `nama_database`) VALUES
(1, 'Pengujian Udara'),
(2, 'Pengujian Air'),
(3, 'Makanan Minuman Hasil Pertanian'),
(4, 'Mikrobiologi'),
(5, 'Mekanis'),
(6, 'Kalibrasi'),
(7, 'Instrumen'),
(8, 'Industri Kecil Makanan');

-- --------------------------------------------------------

--
-- Table structure for table `modul`
--

CREATE TABLE IF NOT EXISTS `modul` (
  `id_modul` int(10) NOT NULL AUTO_INCREMENT,
  `nama_modul` varchar(100) NOT NULL,
  `url` varchar(100) NOT NULL,
  `gambar_modul` blob NOT NULL,
  `gambar_modul_type` varchar(100) NOT NULL,
  PRIMARY KEY (`id_modul`)
) ENGINE=MyISAM  DEFAULT CHARSET=latin1 AUTO_INCREMENT=8 ;

--
-- Dumping data for table `modul`
--

INSERT INTO `modul` (`id_modul`, `nama_modul`, `url`, `gambar_modul`, `gambar_modul_type`) VALUES
(2, 'User Setting', 'user_setting.php', 0x89504e470d0a1a0a0000000d49484452000000280000002808060000008cfeb86d000000097048597300000b1300000b1301009a9c1800000a4f6943435050686f746f73686f70204943432070726f66696c65000078da9d53675453e9163df7def4424b8880944b6f5215082052428b801491262a2109104a8821a1d91551c1114545041bc8a088038e8e808c15512c0c8a0ad807e421a28e83a3888acafbe17ba36bd6bcf7e6cdfeb5d73ee7acf39db3cf07c0080c9648335135800ca9421e11e083c7c4c6e1e42e40810a2470001008b3642173fd230100f87e3c3c2b22c007be000178d30b0800c04d9bc0301c87ff0fea42995c01808401c07491384b08801400407a8e42a600404601809d98265300a0040060cb6362e300502d0060277fe6d300809df8997b01005b94211501a09100201365884400683b00accf568a450058300014664bc43900d82d00304957664800b0b700c0ce100bb200080c00305188852900047b0060c8232378008499001446f2573cf12bae10e72a00007899b23cb9243945815b082d710757572e1e28ce49172b14366102619a402ec27999193281340fe0f3cc0000a0911511e083f3fd78ce0eaecece368eb60e5f2deabf06ff226262e3fee5cfab70400000e1747ed1fe2c2fb31a803b06806dfea225ee04685e0ba075f78b66b20f40b500a0e9da57f370f87e3c3c45a190b9d9d9e5e4e4d84ac4425b61ca577dfe67c25fc057fd6cf97e3cfcf7f5e0bee22481325d814704f8e0c2ccf44ca51ccf92098462dce68f47fcb70bfffc1dd322c44962b9582a14e35112718e449a8cf332a52289429229c525d2ff64e2df2cfb033edf3500b06a3e017b912da85d6303f64b27105874c0e2f70000f2bb6fc1d4280803806883e1cf77ffef3ffd47a02500806649927100005e44242e54cab33fc708000044a0812ab0411bf4c1182cc0061cc105dcc10bfc6036844224c4c24210420a64801c726029ac82422886cdb01d2a602fd4401d34c051688693700e2ec255b80e3d700ffa61089ec128bc81090441c808136121da8801628a58238e08179985f821c14804128b2420c9881451224b91354831528a542055481df23d720239875c46ba913bc8003282fc86bc47319481b2513dd40cb543b9a8371a8446a20bd06474319a8f16a09bd072b41a3d8c36a1e7d0ab680fda8f3e43c730c0e8180733c46c302ec6c342b1382c099363cbb122ac0cabc61ab056ac03bb89f563cfb17704128145c0093604774220611e4148584c584ed848a8201c243411da093709038451c2272293a84bb426ba11f9c4186232318758482c23d6128f132f107b8843c437241289433227b9900249b1a454d212d246d26e5223e92ca99b34481a2393c9da646bb20739942c202bc885e49de4c3e433e41be421f25b0a9d624071a4f853e22852ca6a4a19e510e534e5066598324155a39a52dda8a15411358f5a42ada1b652af5187a81334759a39cd8316494ba5ada295d31a681768f769afe874ba11dd951e4e97d057d2cbe947e897e803f4770c0d861583c7886728199b18071867197718af984ca619d38b19c754303731eb98e7990f996f55582ab62a7c1591ca0a954a9526951b2a2f54a9aaa6aadeaa0b55f355cb548fa95e537dae46553353e3a909d496ab55aa9d50eb531b5367a93ba887aa67a86f543fa47e59fd890659c34cc34f43a451a0b15fe3bcc6200b6319b3782c216b0dab86758135c426b1cdd97c762abb98fd1dbb8b3daaa9a13943334a3357b352f394663f07e39871f89c744e09e728a797f37e8ade14ef29e2291ba6344cb931655c6baa96979658ab48ab51ab47ebbd36aeeda79da6bd45bb59fb810e41c74a275c2747678fce059de753d953dda70aa7164d3d3af5ae2eaa6ba51ba1bb4477bf6ea7ee989ebe5e809e4c6fa7de79bde7fa1c7d2ffd54fd6dfaa7f5470c5806b30c2406db0cce183cc535716f3c1d2fc7dbf151435dc34043a561956197e18491b9d13ca3d5468d460f8c69c65ce324e36dc66dc6a326062621264b4dea4dee9a524db9a629a63b4c3b4cc7cdcccda2cdd699359b3d31d732e79be79bd79bdfb7605a785a2cb6a8b6b86549b2e45aa659eeb6bc6e855a3959a558555a5db346ad9dad25d6bbadbba711a7b94e934eab9ed667c3b0f1b6c9b6a9b719b0e5d806dbaeb66db67d6167621767b7c5aec3ee93bd937dba7d8dfd3d070d87d90eab1d5a1d7e73b472143a563ade9ace9cee3f7dc5f496e92f6758cf10cfd833e3b613cb29c4699d539bd347671767b97383f3888b894b82cb2e973e2e9b1bc6ddc8bde44a74f5715de17ad2f59d9bb39bc2eda8dbafee36ee69ee87dc9fcc349f299e593373d0c3c843e051e5d13f0b9f95306bdfac7e4f434f8167b5e7232f632f9157add7b0b7a577aaf761ef173ef63e729fe33ee33c37de32de595fcc37c0b7c8b7cb4fc36f9e5f85df437f23ff64ff7affd100a78025016703898141815b02fbf87a7c21bf8e3f3adb65f6b2d9ed418ca0b94115418f82ad82e5c1ad2168c8ec90ad21f7e798ce91ce690e85507ee8d6d00761e6618bc37e0c2785878557863f8e7088581ad131973577d1dc4373df44fa449644de9b67314f39af2d4a352a3eaa2e6a3cda37ba34ba3fc62e6659ccd5589d58496c4b1c392e2aae366e6cbedffcedf387e29de20be37b17982fc85d7079a1cec2f485a716a92e122c3a96404c884e3894f041102aa8168c25f21377258e0a79c21dc267222fd136d188d8435c2a1e4ef2482a4d7a92ec91bc357924c533a52ce5b98427a990bc4c0d4cdd9b3a9e169a76206d323d3abd31839291907142aa214d93b667ea67e66676cbac6585b2fec56e8bb72f1e9507c96bb390ac05592d0ab642a6e8545a28d72a07b267655766bfcd89ca3996ab9e2bcdedccb3cadb90379cef9fffed12c212e192b6a5864b572d1d58e6bdac6a39b23c7179db0ae315052b865606ac3cb88ab62a6dd54fabed5797ae7ebd267a4d6b815ec1ca82c1b5016beb0b550ae5857debdcd7ed5d4f582f59dfb561fa869d1b3e15898aae14db1797157fd828dc78e51b876fcabf99dc94b4a9abc4b964cf66d266e9e6de2d9e5b0e96aa97e6970e6e0dd9dab40ddf56b4edf5f645db2f97cd28dbbb83b643b9a3bf3cb8bc65a7c9cecd3b3f54a454f454fa5436eed2ddb561d7f86ed1ee1b7bbcf634ecd5db5bbcf7fd3ec9bedb5501554dd566d565fb49fbb3f73fae89aae9f896fb6d5dad4e6d71edc703d203fd07230eb6d7b9d4d51dd23d54528fd62beb470ec71fbefe9def772d0d360d558d9cc6e223704479e4e9f709dff71e0d3ada768c7bace107d31f761d671d2f6a429af29a469b539afb5b625bba4fcc3ed1d6eade7afc47db1f0f9c343c59794af354c969dae982d39367f2cf8c9d959d7d7e2ef9dc60dba2b67be763cedf6a0f6fefba1074e1d245ff8be73bbc3bce5cf2b874f2b2dbe51357b8579aaf3a5f6dea74ea3cfe93d34fc7bb9cbb9aaeb95c6bb9ee7abdb57b66f7e91b9e37ceddf4bd79f116ffd6d59e393dddbdf37a6ff7c5f7f5df16dd7e7227fdcecbbbd97727eeadbc4fbc5ff440ed41d943dd87d53f5bfedcd8efdc7f6ac077a0f3d1dc47f7068583cffe91f58f0f43058f998fcb860d86eb9e383e3939e23f72fde9fca743cf64cf269e17fea2fecbae17162f7ef8d5ebd7ced198d1a197f29793bf6d7ca5fdeac0eb19afdbc6c2c61ebec97833315ef456fbedc177dc771defa3df0f4fe47c207f28ff68f9b1f553d0a7fb93199393ff040398f3fc63332ddb000000206348524d00007a25000080830000f9ff000080e9000075300000ea6000003a980000176f925fc546000009f64944415478dab499696c5c5715c77ff7deb7cce219dbe365ec388e13d709b1139266714329554a03a5a5aca282aa14104850103420f854212136212184000162ff5028050a02015d585bda42404d494b2169da42361aa789edc419cf7896f7de3d7cb8338e5b1ae2a4e64ac7cf33f3acf9ddb3ddff795622c2c2a594e279d7b271d8f056fca97d101682a873fd75c6f8ef2e76e5370cf4e4546f474ab4524c9eae71747a4e1f3b7af4a9f8c8ae5bf9e74fbf4775aac422d67359003cce6789109bfc26bf30fab5abb7adde76e3152bb9744d27fd1d3ea1ef6e69c470a214f3d783e5f1dbffb86dfcaefb2efb5075f7b77632f1c77bb8902522cfb2b3ae655be09a6fbfa6ff9d77ce7ee3f7cfc854c5ca6cddca543996674e47726c814dcec652aa5999a98afce8a11959bdf3c184d56fda79be2c22721e1e0c7baeec5fbeea8e2fbd7b73fa92913cc7661accef47412b3164fe875b970c67f9ca4d9bf507cd47beb4ff67951a877ef5cdf371e0e200bbd7f5a4b7def4cdf75c3b9a1eeecb7070b2865a00d582e43970024c57123ab386f7bf6e944f4cdffcf9a99927f73073e0e1250534c3577f786cdd8b2e5ab7a29da3271b67185a90cfe3c185d7996ac2602160ebe6f56d7f3878c3c76b0f7efa354b07981bec6e1bd9feb68b06daa93662e644008552a0354d4faa7948111004b160056c330f8c1606ba53f4aedb71f591c76edbcee943f72f09a02a6edcde3bb07c200c3d66aa49f3cb145a83560aa5412b391363112c340185c4426205a34014f40d0e9a13035b5f5f5b2a40931b784977579e4884a9394b36506805c628b416b475af51321fe396e7120b4922245668c44235b2143ab264fbd78ed7f691026a2f18d02fac1c68cffa6805939504a53d3c0306c1a0300ae7c505796705ac85d80a71e240a72b162b90cb78643afb8bd35000265e30a056da4b058654a089ad508e84b4025f6907a240bb2c6c3ad085380162ebac1609f54448058a0483ef7b1e102e4988e35aa9ae10d2817621d5ce654a83361aad5d4eb64e482b0aac8354dae5221ad2a1c6c4426c1536aac7805d12c0c6f4817fd5ea1199541b0a4bcad704bec2f7358151784661f49933dc8a602d448910c5161309c6085a81d642a5067353472681ca9200cae4e37f397e7c8a2da35d68201568c240117a1adf7780deb33ce8aa368e858671ed453713d4f3606abac6cca187f702a5a5e98327f7ed3abcefd1fdb54b47d6163b7db41652be2615343d6994abe8051e8c13213282310aa52c601151781270e8893df5c6bf773f00341603a8cf79876d94a6f7fcf85b7fdbff0c1d599fce8c211d6ac2c04166529a6cca904d6bb269f73a131ad28126f415a940930b35f98cc7e95961ef6f6ffd3349e5c1c59e247a51771dfeddb777ddf5e33fef3d54a6271f506c33e4539a4ca84985864ce8a05a960e35e950934f69ba329a7cd660559607eefee5a9993db77f0738b2b462012955fef4859b7fd059fc79e7fbae1bb87263819411945668e31ab55e50c589af487c88634539164e9d34fcface071a0fdff691af437ce7b325c552e94180dccaab7ade7247fd833f3c2cbf79ba214fd6450e3744261a229391c88986c8d1bac8819ac8de39917b8f5bf9caaeaabcea938f8a57dcf065a0f8ffd383a90efc6defbfbe6f6845f0f0fe0ae5d261c6d67430b622cbaa42403ed408508ee15859387c3ce2d84495bf3e718a130d4ddfa5efda3c71cfc7eab65ee27c965ad44ce267309bdef799b157dc70cbc56383bc7a34cd404eb1efe92a276613945684be412945628144e84809237d013af0f8f93faa3c72a0ccc13fdc7ec7bfeffae8f5670bd585cf242b5ff9ba9597bdf9968b4707b872758aa182214ae0c5abdadc51d6101a890b8951900e14bee78e428d70cdda345122f0b2b7bcb976fcf13d93bbbff7d9a52b92fc504f61eb8d5fdcb27e196bfb427a739a1365eb7460eb1c56608c53ae02ccc5601b09d2d4879e86ad8301a7ab6d4457ddfcb1f2e187eeab9e78e2a125693366ec865b368f6f5855eccad0dba63955b5941b42a569e5c8321b59661be2ac6e29372c954828379c9dac5a024fb1a2e03130bc32b36ac7cd9f5c6c8bfbdf3775ad1b1ddaf28a9bd60c15c8789008941bc25c24ccc52d836a04d558a8464235761e9c8bdd7d95c8c1ce3684b694a223a718bee49a5715566f7fd30b06f4d7bee1035b378d64c2c0e07b506901254235815a02b5c4819623a11c0b9558a8c632ff593571f095481020e5436f7f27ab2e7fc74e20b870c0ce35cb072fbee2faa17ea762508ab948a825eecbebcdeb5c0c95d675812ddc403586b948a8271018453625acdcb4fd659d435b5f79c1806af94bafdbb06eb810061e81e7660fab405af3a676ef799e6a9eb98a74e0aebeef3e43bb4a12d5fa5bf03d45e04377b19bc1f137de786155ac7cba56bff4bad5431d5811025fe31b85e739f5e234a0d3815aabf963ae35764a5372b5669296e4d25a504a50b1904dc38a0d2fdff1f89df9e1a8563a707e809d6bc68647d78f77b4f9d41b0981a7f03d856f34be7746a4bae9ce4d788ae7ce24426c8544d3dc08cfda885296e2ca919eeee1ad571cdb77ef81c5875879e8fecddb4786fb03ad9a609e22f09cfe6b594b6ea50245ca3f23bfc2e67b61a0097d4dd0324f1378ca6dd6287c03b98e2c7da397ef38bf1007edddd9dee1cb572c6b47296902ea26e41960bf19e6790f2ae74311b056b959b8e5bdf9270f1a1137dd29059914f48d6cd90c7401d38b036c1f5ed73534bab1d8e19ea725c219a8a6275bbf7bbaa5a6416905d2027423a7d18256e2bac07c7ebaf33a340aa385eec1d583e97c71b85a3a3ed31c06cf0168fcc19eeefcb2ceb680b81151731d06cf2cf0a4eff2d133cacdc8f333899a9f4974325fc480c662dd30a515d91042ada83484b68ece6c90ceada8968eff1338756e401b57664ab5b2d27474b679c4b175c3837285e11907d79a47bc058275be8245619a9e1320b160ac6b2f595fe32bb789525d61634b1cd5bcb335edff2e92c947ef3b74ff6db7fee09ea74894a1bf2b64b0dd6359ced09dd6e4434dda5f908f1a420d290d690d81065fbbb4087d45da57b4878a6246b33c67e86d33a47c45a9e171aa9ce1b1bbbfbebb72f2e97d679bf2cea607dbccd0959f1abb76e77b5f7bed65a94bc70a0c7468d23e18d57c4ed4ec2b9e72669aaf63201697bbd26c37ad6733e586e2645533710a9eda3f61effffe6776edb9fbab9f03ee06e2e7d383ff4bb086f8b9ab5217ed78fbaaf1575fbe717cbcb871748835cb732ceff228642117406820502e14168870475cd536454304a52a4c9760e258c453fff87be9d1fb7eb2f7b17bbffbabd993477f01fcbd551ce70bd85a6da0d6abb665dbd2c5d14d85a117bfa83838d2dfb76c457b4f4f4fbaab33efb7e7325a6b8dd21a6d0c8dd84a75ae1a57664bb5532726ca27270e4e1efbd723478e3eb9fbf1a9a7f73f6293e86fc041a07a2e45ad16fd6f08b7324037d08b323d789982f282bcd25ea6f520d39d169248d2a824f5b9d336a94f367bdc2430f35ca87301fe67005d81b78fc9dfdb320000000049454e44ae426082, 'image/jpeg'),
(3, 'Account Setting', 'user_setting.php', 0x89504e470d0a1a0a0000000d49484452000000280000002808060000008cfeb86d000000097048597300000b1300000b1301009a9c1800000a4f6943435050686f746f73686f70204943432070726f66696c65000078da9d53675453e9163df7def4424b8880944b6f5215082052428b801491262a2109104a8821a1d91551c1114545041bc8a088038e8e808c15512c0c8a0ad807e421a28e83a3888acafbe17ba36bd6bcf7e6cdfeb5d73ee7acf39db3cf07c0080c9648335135800ca9421e11e083c7c4c6e1e42e40810a2470001008b3642173fd230100f87e3c3c2b22c007be000178d30b0800c04d9bc0301c87ff0fea42995c01808401c07491384b08801400407a8e42a600404601809d98265300a0040060cb6362e300502d0060277fe6d300809df8997b01005b94211501a09100201365884400683b00accf568a450058300014664bc43900d82d00304957664800b0b700c0ce100bb200080c00305188852900047b0060c8232378008499001446f2573cf12bae10e72a00007899b23cb9243945815b082d710757572e1e28ce49172b14366102619a402ec27999193281340fe0f3cc0000a0911511e083f3fd78ce0eaecece368eb60e5f2deabf06ff226262e3fee5cfab70400000e1747ed1fe2c2fb31a803b06806dfea225ee04685e0ba075f78b66b20f40b500a0e9da57f370f87e3c3c45a190b9d9d9e5e4e4d84ac4425b61ca577dfe67c25fc057fd6cf97e3cfcf7f5e0bee22481325d814704f8e0c2ccf44ca51ccf92098462dce68f47fcb70bfffc1dd322c44962b9582a14e35112718e449a8cf332a52289429229c525d2ff64e2df2cfb033edf3500b06a3e017b912da85d6303f64b27105874c0e2f70000f2bb6fc1d4280803806883e1cf77ffef3ffd47a02500806649927100005e44242e54cab33fc708000044a0812ab0411bf4c1182cc0061cc105dcc10bfc6036844224c4c24210420a64801c726029ac82422886cdb01d2a602fd4401d34c051688693700e2ec255b80e3d700ffa61089ec128bc81090441c808136121da8801628a58238e08179985f821c14804128b2420c9881451224b91354831528a542055481df23d720239875c46ba913bc8003282fc86bc47319481b2513dd40cb543b9a8371a8446a20bd06474319a8f16a09bd072b41a3d8c36a1e7d0ab680fda8f3e43c730c0e8180733c46c302ec6c342b1382c099363cbb122ac0cabc61ab056ac03bb89f563cfb17704128145c0093604774220611e4148584c584ed848a8201c243411da093709038451c2272293a84bb426ba11f9c4186232318758482c23d6128f132f107b8843c437241289433227b9900249b1a454d212d246d26e5223e92ca99b34481a2393c9da646bb20739942c202bc885e49de4c3e433e41be421f25b0a9d624071a4f853e22852ca6a4a19e510e534e5066598324155a39a52dda8a15411358f5a42ada1b652af5187a81334759a39cd8316494ba5ada295d31a681768f769afe874ba11dd951e4e97d057d2cbe947e897e803f4770c0d861583c7886728199b18071867197718af984ca619d38b19c754303731eb98e7990f996f55582ab62a7c1591ca0a954a9526951b2a2f54a9aaa6aadeaa0b55f355cb548fa95e537dae46553353e3a909d496ab55aa9d50eb531b5367a93ba887aa67a86f543fa47e59fd890659c34cc34f43a451a0b15fe3bcc6200b6319b3782c216b0dab86758135c426b1cdd97c762abb98fd1dbb8b3daaa9a13943334a3357b352f394663f07e39871f89c744e09e728a797f37e8ade14ef29e2291ba6344cb931655c6baa96979658ab48ab51ab47ebbd36aeeda79da6bd45bb59fb810e41c74a275c2747678fce059de753d953dda70aa7164d3d3af5ae2eaa6ba51ba1bb4477bf6ea7ee989ebe5e809e4c6fa7de79bde7fa1c7d2ffd54fd6dfaa7f5470c5806b30c2406db0cce183cc535716f3c1d2fc7dbf151435dc34043a561956197e18491b9d13ca3d5468d460f8c69c65ce324e36dc66dc6a326062621264b4dea4dee9a524db9a629a63b4c3b4cc7cdcccda2cdd699359b3d31d732e79be79bd79bdfb7605a785a2cb6a8b6b86549b2e45aa659eeb6bc6e855a3959a558555a5db346ad9dad25d6bbadbba711a7b94e934eab9ed667c3b0f1b6c9b6a9b719b0e5d806dbaeb66db67d6167621767b7c5aec3ee93bd937dba7d8dfd3d070d87d90eab1d5a1d7e73b472143a563ade9ace9cee3f7dc5f496e92f6758cf10cfd833e3b613cb29c4699d539bd347671767b97383f3888b894b82cb2e973e2e9b1bc6ddc8bde44a74f5715de17ad2f59d9bb39bc2eda8dbafee36ee69ee87dc9fcc349f299e593373d0c3c843e051e5d13f0b9f95306bdfac7e4f434f8167b5e7232f632f9157add7b0b7a577aaf761ef173ef63e729fe33ee33c37de32de595fcc37c0b7c8b7cb4fc36f9e5f85df437f23ff64ff7affd100a78025016703898141815b02fbf87a7c21bf8e3f3adb65f6b2d9ed418ca0b94115418f82ad82e5c1ad2168c8ec90ad21f7e798ce91ce690e85507ee8d6d00761e6618bc37e0c2785878557863f8e7088581ad131973577d1dc4373df44fa449644de9b67314f39af2d4a352a3eaa2e6a3cda37ba34ba3fc62e6659ccd5589d58496c4b1c392e2aae366e6cbedffcedf387e29de20be37b17982fc85d7079a1cec2f485a716a92e122c3a96404c884e3894f041102aa8168c25f21377258e0a79c21dc267222fd136d188d8435c2a1e4ef2482a4d7a92ec91bc357924c533a52ce5b98427a990bc4c0d4cdd9b3a9e169a76206d323d3abd31839291907142aa214d93b667ea67e66676cbac6585b2fec56e8bb72f1e9507c96bb390ac05592d0ab642a6e8545a28d72a07b267655766bfcd89ca3996ab9e2bcdedccb3cadb90379cef9fffed12c212e192b6a5864b572d1d58e6bdac6a39b23c7179db0ae315052b865606ac3cb88ab62a6dd54fabed5797ae7ebd267a4d6b815ec1ca82c1b5016beb0b550ae5857debdcd7ed5d4f582f59dfb561fa869d1b3e15898aae14db1797157fd828dc78e51b876fcabf99dc94b4a9abc4b964cf66d266e9e6de2d9e5b0e96aa97e6970e6e0dd9dab40ddf56b4edf5f645db2f97cd28dbbb83b643b9a3bf3cb8bc65a7c9cecd3b3f54a454f454fa5436eed2ddb561d7f86ed1ee1b7bbcf634ecd5db5bbcf7fd3ec9bedb5501554dd566d565fb49fbb3f73fae89aae9f896fb6d5dad4e6d71edc703d203fd07230eb6d7b9d4d51dd23d54528fd62beb470ec71fbefe9def772d0d360d558d9cc6e223704479e4e9f709dff71e0d3ada768c7bace107d31f761d671d2f6a429af29a469b539afb5b625bba4fcc3ed1d6eade7afc47db1f0f9c343c59794af354c969dae982d39367f2cf8c9d959d7d7e2ef9dc60dba2b67be763cedf6a0f6fefba1074e1d245ff8be73bbc3bce5cf2b874f2b2dbe51357b8579aaf3a5f6dea74ea3cfe93d34fc7bb9cbb9aaeb95c6bb9ee7abdb57b66f7e91b9e37ceddf4bd79f116ffd6d59e393dddbdf37a6ff7c5f7f5df16dd7e7227fdcecbbbd97727eeadbc4fbc5ff440ed41d943dd87d53f5bfedcd8efdc7f6ac077a0f3d1dc47f7068583cffe91f58f0f43058f998fcb860d86eb9e383e3939e23f72fde9fca743cf64cf269e17fea2fecbae17162f7ef8d5ebd7ced198d1a197f29793bf6d7ca5fdeac0eb19afdbc6c2c61ebec97833315ef456fbedc177dc771defa3df0f4fe47c207f28ff68f9b1f553d0a7fb93199393ff040398f3fc63332ddb000000206348524d00007a25000080830000f9ff000080e9000075300000ea6000003a980000176f925fc546000009f64944415478dab499696c5c5715c77ff7deb7cce219dbe365ec388e13d709b1139266714329554a03a5a5aca282aa14104850103420f854212136212184000162ff5028050a02015d585bda42404d494b2169da42361aa789edc419cf7896f7de3d7cb8338e5b1ae2a4e64ac7cf33f3acf9ddb3ddff795622c2c2a594e279d7b271d8f056fca97d101682a873fd75c6f8ef2e76e5370cf4e4546f474ab4524c9eae71747a4e1f3b7af4a9f8c8ae5bf9e74fbf4775aac422d67359003cce6789109bfc26bf30fab5abb7adde76e3152bb9744d27fd1d3ea1ef6e69c470a214f3d783e5f1dbffb86dfcaefb2efb5075f7b77632f1c77bb8902522cfb2b3ae655be09a6fbfa6ff9d77ce7ee3f7cfc854c5ca6cddca543996674e47726c814dcec652aa5999a98afce8a11959bdf3c184d56fda79be2c22721e1e0c7baeec5fbeea8e2fbd7b73fa92913cc7661accef47412b3164fe875b970c67f9ca4d9bf507cd47beb4ff67951a877ef5cdf371e0e200bbd7f5a4b7def4cdf75c3b9a1eeecb7070b2865a00d582e43970024c57123ab386f7bf6e944f4cdffcf9a99927f73073e0e1250534c3577f786cdd8b2e5ab7a29da3271b67185a90cfe3c185d7996ac2602160ebe6f56d7f3878c3c76b0f7efa354b07981bec6e1bd9feb68b06daa93662e644008552a0354d4faa7948111004b160056c330f8c1606ba53f4aedb71f591c76edbcee943f72f09a02a6edcde3bb07c200c3d66aa49f3cb145a83560aa5412b391363112c340185c4426205a34014f40d0e9a13035b5f5f5b2a40931b784977579e4884a9394b36506805c628b416b475af51321fe396e7120b4922245668c44235b2143ab264fbd78ed7f691026a2f18d02fac1c68cffa6805939504a53d3c0306c1a0300ae7c505796705ac85d80a71e240a72b162b90cb78643afb8bd35000265e30a056da4b058654a089ad508e84b4025f6907a240bb2c6c3ad085380162ebac1609f54448058a0483ef7b1e102e4988e35aa9ae10d2817621d5ce654a83361aad5d4eb64e482b0aac8354dae5221ad2a1c6c4426c1536aac7805d12c0c6f4817fd5ea1199541b0a4bcad704bec2f7358151784661f49933dc8a602d448910c5161309c6085a81d642a5067353472681ca9200cae4e37f397e7c8a2da35d68201568c240117a1adf7780deb33ce8aa368e858671ed453713d4f3606abac6cca187f702a5a5e98327f7ed3abcefd1fdb54b47d6163b7db41652be2615343d6994abe8051e8c13213282310aa52c601151781270e8893df5c6bf773f00341603a8cf79876d94a6f7fcf85b7fdbff0c1d599fce8c211d6ac2c04166529a6cca904d6bb269f73a131ad28126f415a940930b35f98cc7e95961ef6f6ffd3349e5c1c59e247a51771dfeddb777ddf5e33fef3d54a6271f506c33e4539a4ca84985864ce8a05a960e35e950934f69ba329a7cd660559607eefee5a9993db77f0738b2b462012955fef4859b7fd059fc79e7fbae1bb87263819411945668e31ab55e50c589af487c88634539164e9d34fcface071a0fdff691af437ce7b325c552e94180dccaab7ade7247fd833f3c2cbf79ba214fd6450e3744261a229391c88986c8d1bac8819ac8de39917b8f5bf9caaeaabcea938f8a57dcf065a0f8ffd383a90efc6defbfbe6f6845f0f0fe0ae5d261c6d67430b622cbaa42403ed408508ee15859387c3ce2d84495bf3e718a130d4ddfa5efda3c71cfc7eab65ee27c965ad44ce267309bdef799b157dc70cbc56383bc7a34cd404eb1efe92a276613945684be412945628144e84809237d013af0f8f93faa3c72a0ccc13fdc7ec7bfeffae8f5670bd585cf242b5ff9ba9597bdf9968b4707b872758aa182214ae0c5abdadc51d6101a890b8951900e14bee78e428d70cdda345122f0b2b7bcb976fcf13d93bbbff7d9a52b92fc504f61eb8d5fdcb27e196bfb427a739a1365eb7460eb1c56608c53ae02ccc5601b09d2d4879e86ad8301a7ab6d4457ddfcb1f2e187eeab9e78e2a125693366ec865b368f6f5855eccad0dba63955b5941b42a569e5c8321b59661be2ac6e29372c954828379c9dac5a024fb1a2e03130bc32b36ac7cd9f5c6c8bfbdf3775ad1b1ddaf28a9bd60c15c8789008941bc25c24ccc52d836a04d558a8464235761e9c8bdd7d95c8c1ce3684b694a223a718bee49a5715566f7fd30b06f4d7bee1035b378d64c2c0e07b506901254235815a02b5c4819623a11c0b9558a8c632ff593571f095481020e5436f7f27ab2e7fc74e20b870c0ce35cb072fbee2faa17ea762508ab948a825eecbebcdeb5c0c95d675812ddc403586b948a8271018453625acdcb4fd659d435b5f79c1806af94bafdbb06eb810061e81e7660fab405af3a676ef799e6a9eb98a74e0aebeef3e43bb4a12d5fa5bf03d45e04377b19bc1f137de786155ac7cba56bff4bad5431d5811025fe31b85e739f5e234a0d3815aabf963ae35764a5372b5669296e4d25a504a50b1904dc38a0d2fdff1f89df9e1a8563a707e809d6bc68647d78f77b4f9d41b0981a7f03d856f34be7746a4bae9ce4d788ae7ce24426c8544d3dc08cfda885296e2ca919eeee1ad571cdb77ef81c5875879e8fecddb4786fb03ad9a609e22f09cfe6b594b6ea50245ca3f23bfc2e67b61a0097d4dd0324f1378ca6dd6287c03b98e2c7da397ef38bf1007edddd9dee1cb572c6b47296902ea26e41960bf19e6790f2ae74311b056b959b8e5bdf9270f1a1137dd29059914f48d6cd90c7401d38b036c1f5ed73534bab1d8e19ea725c219a8a6275bbf7bbaa5a6416905d2027423a7d18256e2bac07c7ebaf33a340aa385eec1d583e97c71b85a3a3ed31c06cf0168fcc19eeefcb2ceb680b81151731d06cf2cf0a4eff2d133cacdc8f333899a9f4974325fc480c662dd30a515d91042ada83484b68ece6c90ceada8968eff1338756e401b57664ab5b2d27474b679c4b175c3837285e11907d79a47bc058275be8245619a9e1320b160ac6b2f595fe32bb789525d61634b1cd5bcb335edff2e92c947ef3b74ff6db7fee09ea74894a1bf2b64b0dd6359ced09dd6e4434dda5f908f1a420d290d690d81065fbbb4087d45da57b4878a6246b33c67e86d33a47c45a9e171aa9ce1b1bbbfbebb72f2e97d679bf2cea607dbccd0959f1abb76e77b5f7bed65a94bc70a0c7468d23e18d57c4ed4ec2b9e72669aaf63201697bbd26c37ad6733e586e2645533710a9eda3f61effffe6776edb9fbab9f03ee06e2e7d383ff4bb086f8b9ab5217ed78fbaaf1575fbe717cbcb871748835cb732ceff228642117406820502e14168870475cd536454304a52a4c9760e258c453fff87be9d1fb7eb2f7b17bbffbabd993477f01fcbd551ce70bd85a6da0d6abb665dbd2c5d14d85a117bfa83838d2dfb76c457b4f4f4fbaab33efb7e7325a6b8dd21a6d0c8dd84a75ae1a57664bb5532726ca27270e4e1efbd723478e3eb9fbf1a9a7f73f6293e86fc041a07a2e45ad16fd6f08b7324037d08b323d789982f282bcd25ea6f520d39d169248d2a824f5b9d336a94f367bdc2430f35ca87301fe67005d81b78fc9dfdb320000000049454e44ae426082, 'image/jpeg'),
(4, 'Daftar Permohonan', 'permohonan.php', 0x89504e470d0a1a0a0000000d49484452000000280000002808060000008cfeb86d000000097048597300000b1300000b1301009a9c1800000a4f6943435050686f746f73686f70204943432070726f66696c65000078da9d53675453e9163df7def4424b8880944b6f5215082052428b801491262a2109104a8821a1d91551c1114545041bc8a088038e8e808c15512c0c8a0ad807e421a28e83a3888acafbe17ba36bd6bcf7e6cdfeb5d73ee7acf39db3cf07c0080c9648335135800ca9421e11e083c7c4c6e1e42e40810a2470001008b3642173fd230100f87e3c3c2b22c007be000178d30b0800c04d9bc0301c87ff0fea42995c01808401c07491384b08801400407a8e42a600404601809d98265300a0040060cb6362e300502d0060277fe6d300809df8997b01005b94211501a09100201365884400683b00accf568a450058300014664bc43900d82d00304957664800b0b700c0ce100bb200080c00305188852900047b0060c8232378008499001446f2573cf12bae10e72a00007899b23cb9243945815b082d710757572e1e28ce49172b14366102619a402ec27999193281340fe0f3cc0000a0911511e083f3fd78ce0eaecece368eb60e5f2deabf06ff226262e3fee5cfab70400000e1747ed1fe2c2fb31a803b06806dfea225ee04685e0ba075f78b66b20f40b500a0e9da57f370f87e3c3c45a190b9d9d9e5e4e4d84ac4425b61ca577dfe67c25fc057fd6cf97e3cfcf7f5e0bee22481325d814704f8e0c2ccf44ca51ccf92098462dce68f47fcb70bfffc1dd322c44962b9582a14e35112718e449a8cf332a52289429229c525d2ff64e2df2cfb033edf3500b06a3e017b912da85d6303f64b27105874c0e2f70000f2bb6fc1d4280803806883e1cf77ffef3ffd47a02500806649927100005e44242e54cab33fc708000044a0812ab0411bf4c1182cc0061cc105dcc10bfc6036844224c4c24210420a64801c726029ac82422886cdb01d2a602fd4401d34c051688693700e2ec255b80e3d700ffa61089ec128bc81090441c808136121da8801628a58238e08179985f821c14804128b2420c9881451224b91354831528a542055481df23d720239875c46ba913bc8003282fc86bc47319481b2513dd40cb543b9a8371a8446a20bd06474319a8f16a09bd072b41a3d8c36a1e7d0ab680fda8f3e43c730c0e8180733c46c302ec6c342b1382c099363cbb122ac0cabc61ab056ac03bb89f563cfb17704128145c0093604774220611e4148584c584ed848a8201c243411da093709038451c2272293a84bb426ba11f9c4186232318758482c23d6128f132f107b8843c437241289433227b9900249b1a454d212d246d26e5223e92ca99b34481a2393c9da646bb20739942c202bc885e49de4c3e433e41be421f25b0a9d624071a4f853e22852ca6a4a19e510e534e5066598324155a39a52dda8a15411358f5a42ada1b652af5187a81334759a39cd8316494ba5ada295d31a681768f769afe874ba11dd951e4e97d057d2cbe947e897e803f4770c0d861583c7886728199b18071867197718af984ca619d38b19c754303731eb98e7990f996f55582ab62a7c1591ca0a954a9526951b2a2f54a9aaa6aadeaa0b55f355cb548fa95e537dae46553353e3a909d496ab55aa9d50eb531b5367a93ba887aa67a86f543fa47e59fd890659c34cc34f43a451a0b15fe3bcc6200b6319b3782c216b0dab86758135c426b1cdd97c762abb98fd1dbb8b3daaa9a13943334a3357b352f394663f07e39871f89c744e09e728a797f37e8ade14ef29e2291ba6344cb931655c6baa96979658ab48ab51ab47ebbd36aeeda79da6bd45bb59fb810e41c74a275c2747678fce059de753d953dda70aa7164d3d3af5ae2eaa6ba51ba1bb4477bf6ea7ee989ebe5e809e4c6fa7de79bde7fa1c7d2ffd54fd6dfaa7f5470c5806b30c2406db0cce183cc535716f3c1d2fc7dbf151435dc34043a561956197e18491b9d13ca3d5468d460f8c69c65ce324e36dc66dc6a326062621264b4dea4dee9a524db9a629a63b4c3b4cc7cdcccda2cdd699359b3d31d732e79be79bd79bdfb7605a785a2cb6a8b6b86549b2e45aa659eeb6bc6e855a3959a558555a5db346ad9dad25d6bbadbba711a7b94e934eab9ed667c3b0f1b6c9b6a9b719b0e5d806dbaeb66db67d6167621767b7c5aec3ee93bd937dba7d8dfd3d070d87d90eab1d5a1d7e73b472143a563ade9ace9cee3f7dc5f496e92f6758cf10cfd833e3b613cb29c4699d539bd347671767b97383f3888b894b82cb2e973e2e9b1bc6ddc8bde44a74f5715de17ad2f59d9bb39bc2eda8dbafee36ee69ee87dc9fcc349f299e593373d0c3c843e051e5d13f0b9f95306bdfac7e4f434f8167b5e7232f632f9157add7b0b7a577aaf761ef173ef63e729fe33ee33c37de32de595fcc37c0b7c8b7cb4fc36f9e5f85df437f23ff64ff7affd100a78025016703898141815b02fbf87a7c21bf8e3f3adb65f6b2d9ed418ca0b94115418f82ad82e5c1ad2168c8ec90ad21f7e798ce91ce690e85507ee8d6d00761e6618bc37e0c2785878557863f8e7088581ad131973577d1dc4373df44fa449644de9b67314f39af2d4a352a3eaa2e6a3cda37ba34ba3fc62e6659ccd5589d58496c4b1c392e2aae366e6cbedffcedf387e29de20be37b17982fc85d7079a1cec2f485a716a92e122c3a96404c884e3894f041102aa8168c25f21377258e0a79c21dc267222fd136d188d8435c2a1e4ef2482a4d7a92ec91bc357924c533a52ce5b98427a990bc4c0d4cdd9b3a9e169a76206d323d3abd31839291907142aa214d93b667ea67e66676cbac6585b2fec56e8bb72f1e9507c96bb390ac05592d0ab642a6e8545a28d72a07b267655766bfcd89ca3996ab9e2bcdedccb3cadb90379cef9fffed12c212e192b6a5864b572d1d58e6bdac6a39b23c7179db0ae315052b865606ac3cb88ab62a6dd54fabed5797ae7ebd267a4d6b815ec1ca82c1b5016beb0b550ae5857debdcd7ed5d4f582f59dfb561fa869d1b3e15898aae14db1797157fd828dc78e51b876fcabf99dc94b4a9abc4b964cf66d266e9e6de2d9e5b0e96aa97e6970e6e0dd9dab40ddf56b4edf5f645db2f97cd28dbbb83b643b9a3bf3cb8bc65a7c9cecd3b3f54a454f454fa5436eed2ddb561d7f86ed1ee1b7bbcf634ecd5db5bbcf7fd3ec9bedb5501554dd566d565fb49fbb3f73fae89aae9f896fb6d5dad4e6d71edc703d203fd07230eb6d7b9d4d51dd23d54528fd62beb470ec71fbefe9def772d0d360d558d9cc6e223704479e4e9f709dff71e0d3ada768c7bace107d31f761d671d2f6a429af29a469b539afb5b625bba4fcc3ed1d6eade7afc47db1f0f9c343c59794af354c969dae982d39367f2cf8c9d959d7d7e2ef9dc60dba2b67be763cedf6a0f6fefba1074e1d245ff8be73bbc3bce5cf2b874f2b2dbe51357b8579aaf3a5f6dea74ea3cfe93d34fc7bb9cbb9aaeb95c6bb9ee7abdb57b66f7e91b9e37ceddf4bd79f116ffd6d59e393dddbdf37a6ff7c5f7f5df16dd7e7227fdcecbbbd97727eeadbc4fbc5ff440ed41d943dd87d53f5bfedcd8efdc7f6ac077a0f3d1dc47f7068583cffe91f58f0f43058f998fcb860d86eb9e383e3939e23f72fde9fca743cf64cf269e17fea2fecbae17162f7ef8d5ebd7ced198d1a197f29793bf6d7ca5fdeac0eb19afdbc6c2c61ebec97833315ef456fbedc177dc771defa3df0f4fe47c207f28ff68f9b1f553d0a7fb93199393ff040398f3fc63332ddb000000206348524d00007a25000080830000f9ff000080e9000075300000ea6000003a980000176f925fc54600000c0c4944415478dacc9849af246756869f6f8831f3e674e7aa7295cbe572d96e63cbdd06a9410203bdb117ec9068d8f003109bfe05acd8015bb6bde93f6068162d44db2d0ba1166e06db78aab25d77ce3be4cd21a66f621159e5b2a1d2b5ec2fa5086528e28b37ce39ef39ef392284c0ffb3c48a6b0270e717978393f1e9f716f3c5777de08ef7dc564a3d25841a800d4282d61aad35c1f97debdc915272ec9cdb4fe2e8b33449fea3d7effde768382858b184f71e21044fb24280a2acf8ecdefd1fbcfbcbfffa719665bbdb5b9ba4694212454825100294d22004c10702010208daffc65a1ad3b058cc2916e5bd612fffcb1ffcfef7df7adc3bf5d9f9258d310c7a5da228c23947632c491cd118873106631a9414580fce05f60ec6af5f2e9a5d8782e35346c33ea2db218a24888033860004ef09086aeb281615b36981739eac9390e509e3f3c5cd9ffdf32f5e5b09d05ac7f8ec9c6251d0ede678e7591415a3d180f9bca2696a16c514a514fd5e9fb3f309676717a3bab2948b33ea3c6773d8e7da769f8d8d75b23c46ab0829053e40d3188e4f2ff9e893cfb97731a1aa0d23b386b58eb2a8c9d37ca5d7b41010e98828d268a5689cc71aab8ba24ccbb28a8c69e2a669b4925218d3983c8b8f67b3595616154a098cf118e7b140e31dd25a5c9048a90821d05807ce40700404ce4b8217101452280832ac04a89462369b3dbb777fef0f8514df07794b493d4a2f676b3a8af338d23acd3a5229456d9c0f307be9c5677bd7ae2ea84d43312fa8ca29f7f70e48e39841770bef3d327808012d40a88052820881f681100442687c70f850372b017e7effe08fdffed75ffde4ead5abeae9ebd749d29848491010f0804008897bc876d15fdfbec2d6ae42048f0f50d515c7c7c7bcfdee7bbc78fb26afbefa02aec54710012122820f786ff0bec1da9aba2e08c1f2bbbff7db672b01defde2f00d74aea6f392bb773f6730e8d1c973b49620dc92be02ef5bb03e048cf394454d59d48020c923d2346632ab79e7dd5f325a5fa35e12850055d92084626b7b13633c711a936519d6358c4f4ffa2b01d655dd5d2c4a8ad98c459ed25feb7065a3cbe6e63a792723d21a21254280b3817959b37f38e6a34fee717432c6f9c070b046a793339f975cd91cf2d4d52b18eb0821e0bd63b1a8710e0ec713ce27333add0e0ec1f87cc295cd5e6725c0d97c914ba11112821758e7a9ada171166d0d9e80521100ce399c35046bf03e6082c007b10c7a81140a21245a494408adb583c759c36c3ee7723a655154c84893e639424aa2285ac962599655d4266ab174652020098887bf474b899401a93c5a810e02e1c07b0841b621e05d9b03053c8c5a2190522284587a433cbcfec5fd83952491ae5d200241f88715032f9041228340065001240229244229a410480232f825008531155281102cab0748f1a048064400e14122b18dc5d48697bef3c2d14a173ffffc73cd275f1ce14d8d2450371555d550d70d4d1481f8ca8ace7b8c036b3cd65a7cb0043c66c9ca2c8b59df5c675ed604d722ac6bc3e5ac643e5fe09d218d2559ace9660957b637a88a626d25c07bf73e8fb34e8f7cb846166bfabd2e02c9743aa75accf1781c10424008410881aa34acadf5b8713dc6f9409c2624494251151c1f1f737834c6340608381f70060683214fab98c618948ed15ab3b73fa12cfc6a169755955e9601191c591ca16f5c61776bc8e6c63abd4e868e1452a9a5eb3d4d6d38bf98322ff6199f9d332b2a7afd1e9d6e87f1d984e79ed9e5f6cd6b78d7bad558c7e56cc1a777efb3bf7fcc643267adb746afd7c39840bfdb5da954b4f73e8ba208b10c726b1d555550d72536d128dd928765f1f7ce52d7158bc59cb2aab1ce639d430889d40a3c38eb31ceb5001b4b5156144545533b948a89a204a5238452c4895e09507ae7a3078c0a21d0eac325a0478e8f525948b964e523526c7976cee143c07b8fb30e630d4dd360ad452b459ac6e49d04ad24d5b464bdd75facb460afd71b5fcc0d9d2c4106f7c80b0301fff0c54ab6f92d788f9412ef3dc1075826636b0c75557d952f9d6b41ba76cf344d190e471475c3e56c8aab66bc707beb5f7eebb5977fbc12e0f6ce76a12635b62e71a6dd1801526b825220254a4a2ea753ce4ecf199f9f339b973455c5533b23e224258e353a126c749f657dd8e793cfeed23406e73d214059d59c5fcc28ca056b9dfc9f6e5edf79fbd6d3afbd9fa5f13fa449e256023c1d9f3c930fd619ec5e41e1d15250958ee3a3332ece2744b1667f7fcca79fdf677d3462341ad2e9afb3b193a054eb6621964958089cf358ef51498a0c6ddca232463226c952820b9bb18e7f7170307e274d2376b605593e7a3c40e77cb2b777c0591231e876b975eb065776b7c8b214215b45fdfe47775149ce64bac0594fafd7a5ae529412807f189cde7b10ada0688ca72a6beab2212048f398248db9bf77fcbdb7fef1673f544abc93a52951a4f9ebbffad10a80d60ba962a48cb8bc5c7078704c960876b6b7e8f7bba84e861492c9c5149ca1e9afb139ea716377c8fafa882c8f514aa3a42200ce3aa68b9afb07277cfce93d0e4e4e110886c335d23a613e5b90c6294278ac7198c6ae56d4a6b13422d08d329496e848b7453f08a403d3188ab2468a88203cde0b8cb1d4d6523b8bb2128dc0050904acf77867c03678ef31be6d98bc038244488d101a219eac59d34d35c7989c649892c4a0238d520a292500d61a8a4541d61de1bc2084d6a961292e4490edc78496f70a502a203544b255d1ad981080063cb5291a29fc63badb6f007cf38dd7fffead9fbef3b79717c76c6cef90665d92b82d454208a228264d637cb0786f97aad82fe59544ab08ad144a0902e09d5c96b2a8b5907778e771ce626d4dd3947cf7d5973fded818e19cff7680376f3ef5777ff6276ffefce068fce6f1c9f96fce27e3e74e6473c37b97177986d68ad16848947711de12c9f6aba7d305c105a6894628b1b46a7b688ce1e27c8af7815ebf83948a2ccf48d394aded0d925864524b90dfde8b6b630c7114bdf7d28b77debb73abe4e0f05057b5bd7e78b8f71bfdfeda4ed398a70f0e8f7ed41d0ca32c89d8180c180c068c4643f22c418b800f1e4f2084566ac59146490d3242ea4b6a6348b21484e4ec62c2f628bff5d4f6758cb5df0ef0419fd13406631d4a69dbe9247795127747c301fffdc1279b2188bf085e45b36989292d49ace8e68a6ebe41afd7254962d4525038ef298b92fdf29493933177bf3ca2768ee17040afd7a3b69edddd1df1ea2bdf79a26986fe3fe30d02044fd318fefd571f501425debb96345222a57858b77df038df8a850725d17bbf6cb00252499456448f28ea388ef8f0a3bbf6e8788cf7ed537ffec33f7abc58f8e674484989b11ee725c3d188dddd1de39cabbcf728a596e2357c45c0c7b6ddade67f74382584c0594b9ae57b6bbd3eddb51eddb5de135830805ce6a4c678a48a198ef2767ce19db976ed5a854a317549f0ad081008500aaf05424994546d0d1702a4c21370ce128c6b4585f534454d9ea4bc78e7f6e1d5ab3b58ebbeddc5ed7e12eb1dc727e79c9e4dbef6c5c698ac2c17bdabd73748e3014a04b238a22c2d27c7e74c26972829db5e45b431589586e9e58c1002db3b43e224a5d3e9922409ce95bcffe1fb2f1f1cee2d43019e7bfa8dc7030c21b0284ac6a7fbcce70552c9af6b3f254555d5f2cbfbfbc44a301af4587fe6065b5b1b64798c94ad860cd63f88607a6b8a7ebf4fd65de3687cc67c5e30b99ca2a4e2f4f49cadf56e9e44fa21c09516fc9f0fef5156352104a490e0be1194169cf3c45a0382cbc98293e313f25490241b74b29c3c4dd04ab7934def58943597d3317b7b07dcfbfc10ef05c3f5219d6e8c54117192906519ee49004e2f678fad894208acb52c660bd2de88384b880428ad915223510827b0c6e3bd79c8e2a6b158e3081e948a8862d5e646a50049a275d1cdb387627625c0ad9dc1e3c7af6d83dbac75a2d9ec74d21dddb846de4d481e584cb054d4adcc0a2160ada5ae6b9aa62184409665444944be96512f4a16e7173cfb3baffc7c7777f3c94872e7cead953728252fd73736fff4edb7ffed6fa68b8be7a51e643e74db8775d44e0aa458ce031f34fe011d4564594656051a67383b1f43b398fec1ebaffce4f6ed1b3f7d92f803106717e7df7a93693c524a355b94574ec7272f4c26972fc549722b04ae8e46c32b491c6d5a6bd7bc0bd2795bbb20ce8f4fcf8e9db14742aa2fd787bdcf36d7071f77f2fc03a518c751f2b5fd87c3c7b7c6e23153fe5f9b25f9355fff3b00d088a1ddcd7cc9ee0000000049454e44ae426082, 'image/jpeg');

-- --------------------------------------------------------

--
-- Table structure for table `user`
--

CREATE TABLE IF NOT EXISTS `user` (
  `id` int(10) NOT NULL AUTO_INCREMENT,
  `username` varchar(20) NOT NULL,
  `password` varchar(50) NOT NULL,
  `nama` varchar(50) NOT NULL,
  `alamat` varchar(100) NOT NULL,
  `telp` varchar(12) NOT NULL,
  `email` varchar(50) NOT NULL,
  `level` enum('admin','user') NOT NULL DEFAULT 'user',
  `foto` varchar(100) NOT NULL DEFAULT 'user.jpg',
  PRIMARY KEY (`id`)
) ENGINE=MyISAM  DEFAULT CHARSET=latin1 AUTO_INCREMENT=13 ;

--
-- Dumping data for table `user`
--

INSERT INTO `user` (`id`, `username`, `password`, `nama`, `alamat`, `telp`, `email`, `level`, `foto`) VALUES
(3, 'admin', '827ccb0eea8a706c4c34a16891f84e7b', 'John Smith', 'Jl. Soekarno Hatta No. 12, Medan', '085274442979', 'admin@yahoo.com', 'admin', 'user.jpg'),
(4, 'user', '202cb962ac59075b964b07152d234b70', 'Monalisa', 'Medan', '083180213371', 'user@yahoo.co.id', 'user', 'user.jpg'),
(9, 'chopper', '827ccb0eea8a706c4c34a16891f84e7b', 'Tony Chopper', 'Medan, Sumatera Utara', '098765432123', 'chopper@yahoo.com', 'user', 'user.jpg');

-- --------------------------------------------------------

--
-- Structure for view `daftar_permohonan`
--
DROP TABLE IF EXISTS `daftar_permohonan`;

CREATE ALGORITHM=UNDEFINED DEFINER=`root`@`localhost` SQL SECURITY DEFINER VIEW `daftar_permohonan` AS select `daftar`.`no` AS `no`,`jenis`.`nama_database` AS `nama_database`,`daftar`.`nama_perusahaan` AS `nama_perusahaan`,`daftar`.`jenis_contoh` AS `jenis_contoh`,`daftar`.`alamat` AS `alamat`,`daftar`.`tgl_masuk` AS `tgl_masuk`,`daftar`.`tgl_selesai` AS `tgl_selesai`,`daftar`.`std_pelayanan` AS `std_pelayanan` from (`daftar` join `jenis`) where (`daftar`.`id_database` = `jenis`.`id_database`);

/*!40101 SET CHARACTER_SET_CLIENT=@OLD_CHARACTER_SET_CLIENT */;
/*!40101 SET CHARACTER_SET_RESULTS=@OLD_CHARACTER_SET_RESULTS */;
/*!40101 SET COLLATION_CONNECTION=@OLD_COLLATION_CONNECTION */;
